Date,Sector33Code,SellingExcludingShortSellingTurnoverValue,ShortSellingWithRestrictionsTurnoverValue,ShortSellingWithoutRestrictionsTurnoverValue
2025-11-28,0050,2540841850.0,689743800.0,157158650.0
2025-11-28,1050,8544117200.0,6543285100.0,839341600.0
2025-11-28,2050,78720784350.0,38250020550.0,6258290850.0
2025-11-28,3050,74701919250.0,37083566950.0,5073661700.0
2025-11-28,3100,12684857050.0,5335476350.0,1562840850.0
2025-11-28,3150,5648369230.0,3165189610.0,484189560.0
2025-11-28,3200,121653513100.0,69560954590.0,9015462600.0
2025-11-28,3250,101061292700.0,36340356300.0,10211625350.0
2025-11-28,3300,7740857900.0,5379459750.0,616564550.0
2025-11-28,3350,14124149550.0,6175459800.0,1244521250.0
2025-11-28,3400,24875187900.0,19588369400.0,3587908950.0
2025-11-28,3450,27508065470.0,11568952810.0,1559925180.0
2025-11-28,3500,185788191150.0,75566734750.0,35830303200.0
2025-11-28,3550,12604956300.0,7540729550.0,1071586350.0
2025-11-28,3600,337832709320.0,145918421170.0,69759989470.0
2025-11-28,3650,698025236130.0,291653590730.0,158545631380.0
2025-11-28,3700,125079281130.0,70832986810.0,15399509630.0
2025-11-28,3750,48942777850.0,13668246900.0,3322063500.0
2025-11-28,3800,56904853510.0,37384495380.0,7407398570.0
2025-11-28,4050,69258976500.0,33102966400.0,10589285540.0
2025-11-28,5050,32442318250.0,26923129500.0,3002126500.0
2025-11-28,5100,22834083350.0,10989928450.0,1537205800.0
2025-11-28,5150,5033513750.0,2827042700.0,631940150.0
2025-11-28,5200,2868477900.0,1307627900.0,161262850.0
2025-11-28,5250,301868037085.0,132066225540.0,67848989410.0
2025-11-28,6050,133711100150.0,83729405100.0,19775939250.0
2025-11-28,6100,142527693590.0,73330996920.0,15866607200.0
2025-11-28,7050,172764169210.0,72569079380.0,14344487320.0
2025-11-28,7100,17651713700.0,11972869050.0,1377541400.0
2025-11-28,7150,55671543160.0,22341809120.0,4513206200.0
2025-11-28,7200,22333722680.0,9404511260.0,1705667510.0
2025-11-28,8050,43980514970.0,30623474980.0,3484735700.0
2025-11-28,9050,93986084990.0,47652457660.0,7464275900.0
2025-11-28,9999,139349031837.0,65512761777.0,16450964251.0
2025-11-27,0050,2531354450.0,794062500.0,110519450.0
2025-11-27,1050,8324762800.0,8279021200.0,445251200.0
2025-11-27,2050,91411217600.0,34987867850.0,5381516750.0
2025-11-27,3050,68842516850.0,32480447850.0,3122863700.0
2025-11-27,3100,10206589550.0,5146333450.0,654937100.0
2025-11-27,3150,2537986410.0,1663892580.0,118717910.0
2025-11-27,3200,128710557460.0,75210534930.0,7204189310.0
2025-11-27,3250,98668273300.0,37997158300.0,8139578250.0
2025-11-27,3300,5660419750.0,3862438050.0,1020843400.0
2025-11-27,3350,15398549300.0,7046679300.0,481099600.0
2025-11-27,3400,25219816400.0,17682907900.0,2834268600.0
2025-11-27,3450,17395746970.0,7987364960.0,524749490.0
2025-11-27,3500,200189103550.0,87909945200.0,35044602250.0
2025-11-27,3550,13666659200.0,8943475700.0,803890200.0
2025-11-27,3600,244061404260.0,146623134180.0,37561690760.0
2025-11-27,3650,852570591730.0,280535031210.0,198993258170.0
2025-11-27,3700,105437259300.0,60573708150.0,8106675960.0
2025-11-27,3750,47403019100.0,14541173200.0,2148408300.0
2025-11-27,3800,54940740390.0,44312208720.0,4168835330.0
2025-11-27,4050,87921080100.0,43080666810.0,11535460450.0
2025-11-27,5050,32725784350.0,32294302200.0,1621216150.0
2025-11-27,5100,16012128250.0,10010291100.0,832331450.0
2025-11-27,5150,4535049250.0,2850241500.0,716492300.0
2025-11-27,5200,3305439700.0,1362921350.0,95293550.0
2025-11-27,5250,403643843283.0,179858361173.0,84304237640.0
2025-11-27,6050,135733192850.0,65301456550.0,17174923300.0
2025-11-27,6100,146313843030.0,72684474790.0,11977393470.0
2025-11-27,7050,237407670740.0,94022549480.0,11583200510.0
2025-11-27,7100,20726822900.0,8954164000.0,792153800.0
2025-11-27,7150,50648578120.0,19344332880.0,1571573560.0
2025-11-27,7200,17396247910.0,6572140820.0,635534350.0
2025-11-27,8050,49092890710.0,31548082190.0,2260346670.0
2025-11-27,9050,89527184180.0,41415185170.0,5148711890.0
2025-11-27,9999,186446981837.0,78527653842.0,18421593110.0
2025-11-26,0050,2472920800.0,1200417050.0,505482350.0
2025-11-26,1050,15629128200.0,7711880700.0,951948600.0
2025-11-26,2050,125326283650.0,42950110700.0,9909583100.0
2025-11-26,3050,96507238650.0,35670812450.0,7284808250.0
2025-11-26,3100,10446115150.0,5759991260.0,1428917430.0
2025-11-26,3150,4262876750.0,2395871620.0,269272630.0
2025-11-26,3200,127178032880.0,73660871880.0,9302745350.0
2025-11-26,3250,154618953800.0,54276094700.0,13910054400.0
2025-11-26,3300,10499043650.0,4674663000.0,570568500.0
2025-11-26,3350,19314458550.0,8528987750.0,1316947150.0
2025-11-26,3400,31848746890.0,23546967040.0,3360677390.0
2025-11-26,3450,28176392390.0,11159551270.0,1037948540.0
2025-11-26,3500,257916778650.0,89752735000.0,56582978900.0
2025-11-26,3550,15680730800.0,8103768600.0,1386864200.0
2025-11-26,3600,340943556470.0,174589606190.0,64429652150.0
2025-11-26,3650,994212692810.0,323998366720.0,161657571300.0
2025-11-26,3700,148368343610.0,77821784810.0,16110493510.0
2025-11-26,3750,44028355000.0,19106059750.0,3746143350.0
2025-11-26,3800,56565098480.0,34480966530.0,5674007460.0
2025-11-26,4050,99620500970.0,40862088190.0,13028306860.0
2025-11-26,5050,48818591750.0,33897273200.0,2977785050.0
2025-11-26,5100,22896543650.0,16717873650.0,1402678600.0
2025-11-26,5150,6746285650.0,2860312650.0,393117000.0
2025-11-26,5200,3601412950.0,1926010700.0,482510700.0
2025-11-26,5250,495543644308.0,120179565700.0,114065192810.0
2025-11-26,6050,155051825450.0,78933685700.0,18308958850.0
2025-11-26,6100,185179928040.0,129289210060.0,23166619150.0
2025-11-26,7050,305645701250.0,101869052380.0,18341953010.0
2025-11-26,7100,32556705300.0,12583145700.0,1957537500.0
2025-11-26,7150,71154005770.0,25476515880.0,3066478250.0
2025-11-26,7200,22140255910.0,9564142840.0,1431495370.0
2025-11-26,8050,61866137050.0,37866099870.0,6026810760.0
2025-11-26,9050,121850616950.0,52406028510.0,9026926020.0
2025-11-26,9999,227842995345.0,97953053953.0,28215647724.0
2025-11-25,0050,2593327900.0,898550600.0,189253800.0
2025-11-25,1050,12269959500.0,5811021400.0,685585400.0
2025-11-25,2050,97698569350.0,45302190050.0,6459969700.0
2025-11-25,3050,101838849300.0,45296128600.0,4646068150.0
2025-11-25,3100,10827060040.0,6237627740.0,891637870.0
2025-11-25,3150,3527844390.0,2560412180.0,163601150.0
2025-11-25,3200,131673652960.0,67508549930.0,6680842430.0
2025-11-25,3250,146396476800.0,56631360900.0,9824159600.0
2025-11-25,3300,8574484650.0,3144647300.0,393484850.0
2025-11-25,3350,18670073650.0,7245069850.0,757949500.0
2025-11-25,3400,40367437300.0,20751867600.0,4867635640.0
2025-11-25,3450,21119212800.0,10629442790.0,627620190.0
2025-11-25,3500,301061034550.0,95928895250.0,68795663050.0
2025-11-25,3550,14652789800.0,9398772800.0,1120202750.0
2025-11-25,3600,337534000540.0,197728313290.0,51493335250.0
2025-11-25,3650,897981326030.0,330774557980.0,186882912310.0
2025-11-25,3700,135606356050.0,79488982180.0,11893807610.0
2025-11-25,3750,51480347500.0,27461159900.0,2969274700.0
2025-11-25,3800,69894089630.0,38535533520.0,4715301760.0
2025-11-25,4050,132005236450.0,65344249730.0,17469400560.0
2025-11-25,5050,49066100400.0,38558976250.0,2518981550.0
2025-11-25,5100,16487721350.0,12203872300.0,1116517500.0
2025-11-25,5150,7415804100.0,5450519800.0,344248300.0
2025-11-25,5200,3520586300.0,1539080850.0,247856500.0
2025-11-25,5250,572822612346.0,188155976853.0,126701306980.0
2025-11-25,6050,151198894350.0,99687031950.0,15605268200.0
2025-11-25,6100,172546008920.0,105489496820.0,20481397380.0
2025-11-25,7050,219289081110.0,92165860990.0,10590859490.0
2025-11-25,7100,25494913600.0,12945465450.0,1267716450.0
2025-11-25,7150,87194687870.0,44782833100.0,2987055340.0
2025-11-25,7200,24690678550.0,10596164890.0,1034263280.0
2025-11-25,8050,63614432920.0,35494428130.0,3780193730.0
2025-11-25,9050,122450057220.0,62866948780.0,7052486350.0
2025-11-25,9999,198550606029.0,94322022428.0,30120021365.0
2025-11-21,0050,3005977000.0,1524531850.0,216175050.0
2025-11-21,1050,18474114400.0,11016275400.0,893476000.0
2025-11-21,2050,141353472800.0,75311921600.0,7561600950.0
2025-11-21,3050,260720982850.0,84966560450.0,6433131600.0
2025-11-21,3100,11977572900.0,7869392520.0,1019627520.0
2025-11-21,3150,3994079040.0,3149181110.0,212528330.0
2025-11-21,3200,194114354620.0,116857299770.0,9506851440.0
2025-11-21,3250,212194347550.0,85225456000.0,11846417000.0
2025-11-21,3300,19872578350.0,6668335300.0,612932800.0
2025-11-21,3350,26391338450.0,13320538600.0,1338929150.0
2025-11-21,3400,42528522420.0,28172303610.0,4527804780.0
2025-11-21,3450,23624430530.0,14277064530.0,827293800.0
2025-11-21,3500,365658034300.0,191989689300.0,55408500600.0
2025-11-21,3550,18214231050.0,10897129850.0,1645509500.0
2025-11-21,3600,537930257010.0,259673077970.0,60010539820.0
2025-11-21,3650,1405094096550.0,570557763300.0,194036557860.0
2025-11-21,3700,241854979420.0,150523487210.0,17753526140.0
2025-11-21,3750,77315126450.0,46270467700.0,4246664850.0
2025-11-21,3800,85282838670.0,50724832530.0,6084634080.0
2025-11-21,4050,107135150360.0,48287088110.0,11896506360.0
2025-11-21,5050,132233691900.0,92761935800.0,3439953600.0
2025-11-21,5100,29068491000.0,13362944400.0,1388657050.0
2025-11-21,5150,8699334500.0,6017487500.0,549380550.0
2025-11-21,5200,3396120250.0,1731946550.0,195379650.0
2025-11-21,5250,557975026729.0,234327306008.0,70833257770.0
2025-11-21,6050,219491257000.0,137387892100.0,25428965350.0
2025-11-21,6100,230711161820.0,126533110500.0,29946605070.0
2025-11-21,7050,257179627800.0,105408282410.0,14594357890.0
2025-11-21,7100,50087092650.0,23356501150.0,1866622400.0
2025-11-21,7150,193106424180.0,93428271450.0,4638454510.0
2025-11-21,7200,48787804170.0,30206836770.0,1624418660.0
2025-11-21,8050,110452082720.0,47246697110.0,4321103020.0
2025-11-21,9050,259197182100.0,90993492860.0,10482541160.0
2025-11-21,9999,256478432200.0,115031744080.0,47999040414.0
2025-11-20,0050,2765700150.0,1334841600.0,303593000.0
2025-11-20,1050,10238849000.0,4351150100.0,659390300.0
2025-11-20,2050,91355351900.0,47121973550.0,8271439400.0
2025-11-20,3050,77426855500.0,42620344100.0,6404272150.0
2025-11-20,3100,8186491670.0,5348949250.0,600034060.0
2025-11-20,3150,3065430220.0,1742280940.0,160037010.0
2025-11-20,3200,121690232940.0,92139072490.0,11126465530.0
2025-11-20,3250,148707400400.0,46525955350.0,16405565350.0
2025-11-20,3300,10342778400.0,6010276950.0,701068800.0
2025-11-20,3350,12570548050.0,10456255900.0,1403977700.0
2025-11-20,3400,32139401210.0,34267905220.0,5936580850.0
2025-11-20,3450,20230382980.0,10933721300.0,1105828650.0
2025-11-20,3500,350828755450.0,177093206550.0,86540477100.0
2025-11-20,3550,18948053950.0,11858175150.0,1441988800.0
2025-11-20,3600,415880881100.0,187896183280.0,84878271800.0
2025-11-20,3650,1113758909760.0,590421749400.0,256692496310.0
2025-11-20,3700,128795872800.0,87140438630.0,14396879450.0
2025-11-20,3750,40916405500.0,26111747550.0,4384657300.0
2025-11-20,3800,50751432340.0,33495309160.0,6034249460.0
2025-11-20,4050,127129733630.0,65199279610.0,16095324710.0
2025-11-20,5050,38027536500.0,32490754050.0,3213478900.0
2025-11-20,5100,14324615000.0,14311484000.0,1807843350.0
2025-11-20,5150,6151404750.0,3004427150.0,520787500.0
2025-11-20,5200,2664724500.0,1124093550.0,487779700.0
2025-11-20,5250,373441212637.0,234411238509.0,95631433920.0
2025-11-20,6050,129673017800.0,85498759450.0,17002259300.0
2025-11-20,6100,180144242170.0,103951694010.0,31227202060.0
2025-11-20,7050,191472835910.0,87975368740.0,13420608530.0
2025-11-20,7100,32212837350.0,12631971750.0,1918494900.0
2025-11-20,7150,117841277730.0,84366523910.0,6158101390.0
2025-11-20,7200,21581218350.0,12370162460.0,1798484960.0
2025-11-20,8050,46863671630.0,32526534560.0,3623436820.0
2025-11-20,9050,119239088520.0,62722225370.0,9083843540.0
2025-11-20,9999,314538378617.0,132770510233.0,37123758212.0
2025-11-19,0050,6024608200.0,3227997800.0,588108400.0
2025-11-19,1050,14371204800.0,4393959900.0,1029474700.0
2025-11-19,2050,104174408200.0,51236017900.0,9749779000.0
2025-11-19,3050,76941225350.0,44360292350.0,5678087450.0
2025-11-19,3100,11498332450.0,7391719260.0,631577200.0
2025-11-19,3150,3363219800.0,2118881500.0,115011590.0
2025-11-19,3200,124504749370.0,80992899430.0,8623446030.0
2025-11-19,3250,114660541500.0,50140566000.0,9783705550.0
2025-11-19,3300,9149043740.0,6388444090.0,1072823490.0
2025-11-19,3350,14982395200.0,9635961850.0,1179855600.0
2025-11-19,3400,27696606680.0,27441750520.0,3101354860.0
2025-11-19,3450,17555634150.0,8146606310.0,722621320.0
2025-11-19,3500,428982514050.0,195532129000.0,128783908500.0
2025-11-19,3550,18173308900.0,12536822050.0,1678303450.0
2025-11-19,3600,388558294000.0,220655416020.0,72915366850.0
2025-11-19,3650,980577451010.0,398661587170.0,240203684640.0
2025-11-19,3700,129449060380.0,100714701250.0,12736759520.0
2025-11-19,3750,52108669200.0,28620254650.0,3432216100.0
2025-11-19,3800,60468815520.0,43206254440.0,4438190290.0
2025-11-19,4050,107401663670.0,60901861570.0,11646214820.0
2025-11-19,5050,42287732350.0,31967264150.0,2234601200.0
2025-11-19,5100,17014675000.0,11972370150.0,1399569150.0
2025-11-19,5150,6874214050.0,3477687950.0,336172400.0
2025-11-19,5200,3164753300.0,1720800350.0,101399200.0
2025-11-19,5250,370424124174.0,236753284935.0,83908272530.0
2025-11-19,6050,165275076100.0,93949585900.0,22783700300.0
2025-11-19,6100,237231203690.0,108034294650.0,27588238160.0
2025-11-19,7050,186558242080.0,116776453600.0,12410407660.0
2025-11-19,7100,29435138600.0,16232882900.0,1616600600.0
2025-11-19,7150,69643098850.0,36194083630.0,3201191970.0
2025-11-19,7200,24406354520.0,13349772410.0,1188194880.0
2025-11-19,8050,48196280100.0,32023491950.0,3415265010.0
2025-11-19,9050,121611945140.0,57196111950.0,8609551990.0
2025-11-19,9999,244991520626.0,133886501763.0,56689951032.0
2025-11-18,0050,2063844250.0,1093889100.0,222424200.0
2025-11-18,1050,15064179100.0,5850042200.0,1229792200.0
2025-11-18,2050,93587452950.0,47856360150.0,10603742700.0
2025-11-18,3050,77428103300.0,42379333000.0,8563383050.0
2025-11-18,3100,10939212300.0,5892025040.0,1062733820.0
2025-11-18,3150,3653972100.0,2121283180.0,506789370.0
2025-11-18,3200,148579505210.0,91715468970.0,16863349870.0
2025-11-18,3250,109183157500.0,49315864000.0,16193652100.0
2025-11-18,3300,10521202200.0,7385291020.0,1167571040.0
2025-11-18,3350,14833215300.0,11160075550.0,2157870050.0
2025-11-18,3400,34742728030.0,32586481870.0,4931262040.0
2025-11-18,3450,17393568810.0,12462072410.0,1783977070.0
2025-11-18,3500,331177961850.0,217863970300.0,81202360050.0
2025-11-18,3550,19394977750.0,13932430600.0,2541950150.0
2025-11-18,3600,331062830270.0,219178814590.0,68818906810.0
2025-11-18,3650,975804482250.0,433904204330.0,253697557020.0
2025-11-18,3700,134812702700.0,92937301840.0,22087275710.0
2025-11-18,3750,57813362000.0,26649460100.0,6415380900.0
2025-11-18,3800,57868562280.0,40352135660.0,9061876950.0
2025-11-18,4050,75119510290.0,35728423270.0,11296098170.0
2025-11-18,5050,46081517500.0,37358267200.0,5551503800.0
2025-11-18,5100,21527279400.0,17643647350.0,2210014850.0
2025-11-18,5150,7780458250.0,5258950050.0,976485650.0
2025-11-18,5200,3477837700.0,1650215150.0,324766750.0
2025-11-18,5250,362993804513.0,246093094557.0,85402419900.0
2025-11-18,6050,197076166600.0,101672722150.0,36747231900.0
2025-11-18,6100,177266552590.0,90954616280.0,29865528140.0
2025-11-18,7050,201169086740.0,134374601560.0,23675277480.0
2025-11-18,7100,31423961600.0,23213572000.0,3314650150.0
2025-11-18,7150,70442852690.0,38599180090.0,8956257820.0
2025-11-18,7200,25032527520.0,14816714470.0,2978179810.0
2025-11-18,8050,55916712650.0,31632719350.0,5657827440.0
2025-11-18,9050,118029761310.0,69109664270.0,13834864040.0
2025-11-18,9999,284104836068.0,150259375028.0,82453043178.0
2025-11-17,0050,2548743700.0,1394346150.0,145469550.0
2025-11-17,1050,16026884900.0,5119259000.0,593593300.0
2025-11-17,2050,102128901250.0,43073616650.0,7891505750.0
2025-11-17,3050,78436367000.0,51760713350.0,4626977200.0
2025-11-17,3100,12938549950.0,7058781650.0,527106600.0
2025-11-17,3150,3809678130.0,2437832000.0,194614550.0
2025-11-17,3200,135699403050.0,82117233120.0,8496257560.0
2025-11-17,3250,103196355400.0,48804941500.0,8787952150.0
2025-11-17,3300,10317882100.0,7187700800.0,854325300.0
2025-11-17,3350,16210786250.0,12576817100.0,1071970450.0
2025-11-17,3400,32202197350.0,20883823100.0,3346544550.0
2025-11-17,3450,14841543250.0,9271039660.0,674987110.0
2025-11-17,3500,284623666850.0,138844775450.0,50317702750.0
2025-11-17,3550,25985212800.0,12639505450.0,1892336250.0
2025-11-17,3600,375706662060.0,181758056140.0,48746272870.0
2025-11-17,3650,983349538560.0,371685601300.0,198666475780.0
2025-11-17,3700,132539464040.0,86859759190.0,12157067890.0
2025-11-17,3750,54255098000.0,28553940550.0,3436769750.0
2025-11-17,3800,59037627620.0,37320589170.0,4363593080.0
2025-11-17,4050,56237883500.0,29640471870.0,7796983400.0
2025-11-17,5050,39790523800.0,41462434050.0,2865308400.0
2025-11-17,5100,12719987650.0,14090478150.0,1104156200.0
2025-11-17,5150,9984920200.0,9496916150.0,652167300.0
2025-11-17,5200,3371650750.0,1802094550.0,186005600.0
2025-11-17,5250,390883768605.0,191798576210.0,59822941080.0
2025-11-17,6050,179414714000.0,104051530800.0,21458267400.0
2025-11-17,6100,252444365900.0,154453261030.0,21075850150.0
2025-11-17,7050,256398740360.0,131134346150.0,14211281440.0
2025-11-17,7100,32127384500.0,23728602400.0,1754308050.0
2025-11-17,7150,73995976820.0,41891491110.0,3438947350.0
2025-11-17,7200,28717786080.0,16316611220.0,1291525490.0
2025-11-17,8050,51919577550.0,36189611710.0,3790182890.0
2025-11-17,9050,140714933670.0,96076887180.0,9104808850.0
2025-11-17,9999,184226890705.0,89763238394.0,39898268675.0
2025-11-14,0050,1845138700.0,1762261050.0,247005700.0
2025-11-14,1050,22185071900.0,7814978800.0,1644554700.0
2025-11-14,2050,119298268050.0,62126478000.0,13191105300.0
2025-11-14,3050,92676451600.0,50356863800.0,11618794300.0
2025-11-14,3100,19446748680.0,11807679540.0,2426247920.0
2025-11-14,3150,4262954230.0,1860752480.0,546943590.0
2025-11-14,3200,148877142120.0,85414348840.0,18051813040.0
2025-11-14,3250,133537217500.0,51608061600.0,18798994700.0
2025-11-14,3300,13626433600.0,8562891200.0,1295611700.0
2025-11-14,3350,29118450600.0,19488858200.0,4903819400.0
2025-11-14,3400,38965828750.0,25202035800.0,4312803700.0
2025-11-14,3450,20762468390.0,11349655680.0,1351754120.0
2025-11-14,3500,359429092200.0,242958199000.0,70100480100.0
2025-11-14,3550,30654283350.0,15356233400.0,2168798450.0
2025-11-14,3600,422174808950.0,243922797670.0,65538447640.0
2025-11-14,3650,774230899610.0,385774277120.0,164166005820.0
2025-11-14,3700,142360266510.0,79416575350.0,21838591580.0
2025-11-14,3750,52299376600.0,34415556300.0,7815539650.0
2025-11-14,3800,71401598520.0,39025178320.0,9842120110.0
2025-11-14,4050,99576545040.0,44853211970.0,11822831610.0
2025-11-14,5050,46158927400.0,40463240400.0,4963016650.0
2025-11-14,5100,18544089500.0,10382194150.0,2171397050.0
2025-11-14,5150,7893129650.0,3037410150.0,912098300.0
2025-11-14,5200,2725493500.0,1896778800.0,239859400.0
2025-11-14,5250,513929549441.0,343384918439.0,131894996620.0
2025-11-14,6050,131798344350.0,81486196250.0,27040780850.0
2025-11-14,6100,168409145500.0,85047144930.0,37579483510.0
2025-11-14,7050,238054667900.0,95241904850.0,18142396260.0
2025-11-14,7100,31493311850.0,16069944300.0,2991431800.0
2025-11-14,7150,66946105460.0,35291901180.0,6361846930.0
2025-11-14,7200,27858799500.0,14662048940.0,2874745420.0
2025-11-14,8050,59883225790.0,34555951670.0,6490569720.0
2025-11-14,9050,148136748760.0,77473562900.0,16572445430.0
2025-11-14,9999,235580940404.0,109889931739.0,48668809208.0
2025-11-13,0050,2094139200.0,1398366650.0,82905050.0
2025-11-13,1050,10642717050.0,8052474100.0,505476650.0
2025-11-13,2050,134536442850.0,56391428550.0,13998050600.0
2025-11-13,3050,83881651250.0,53061428800.0,4255088700.0
2025-11-13,3100,10301934540.0,3660079660.0,494830180.0
2025-11-13,3150,3270462640.0,1789260670.0,115301720.0
2025-11-13,3200,127949492050.0,81208012310.0,6107175110.0
2025-11-13,3250,108196591100.0,43524300450.0,7343636550.0
2025-11-13,3300,11659387850.0,8717564320.0,1501661590.0
2025-11-13,3350,29168352550.0,20142473300.0,1435693500.0
2025-11-13,3400,33948585000.0,27469414450.0,4550012650.0
2025-11-13,3450,15831843050.0,11672628680.0,1246296420.0
2025-11-13,3500,469642019300.0,214348698850.0,89431615600.0
2025-11-13,3550,21374222350.0,8124496550.0,1295989350.0
2025-11-13,3600,385954318990.0,216886082260.0,56303849400.0
2025-11-13,3650,864465212380.0,399335557910.0,143455409220.0
2025-11-13,3700,144361246070.0,85210880790.0,10809055870.0
2025-11-13,3750,57642269350.0,33156233400.0,2213592950.0
2025-11-13,3800,88238534530.0,39644971370.0,5188699780.0
2025-11-13,4050,112568333790.0,35121300730.0,11642142740.0
2025-11-13,5050,41423153750.0,37284092800.0,2160279950.0
2025-11-13,5100,15380411350.0,15357563150.0,923188200.0
2025-11-13,5150,9767049200.0,3404585450.0,378116300.0
2025-11-13,5200,1936228050.0,1101826450.0,130088650.0
2025-11-13,5250,432675822263.0,198079333566.0,64801489380.0
2025-11-13,6050,153196568100.0,94253510400.0,13520572950.0
2025-11-13,6100,130217131050.0,74724337810.0,14676580200.0
2025-11-13,7050,231494194330.0,92025009430.0,10953300190.0
2025-11-13,7100,43698039750.0,16888091800.0,2207830050.0
2025-11-13,7150,50522614670.0,28064786790.0,2254610550.0
2025-11-13,7200,31211707490.0,19735348120.0,1863826260.0
2025-11-13,8050,59170605850.0,32141262090.0,3589223030.0
2025-11-13,9050,126702314520.0,59492616390.0,6384953300.0
2025-11-13,9999,183779806710.0,78825660128.0,19980194100.0
2025-11-12,0050,2807040100.0,1896920750.0,162241200.0
2025-11-12,1050,13944564700.0,5942367950.0,942701450.0
2025-11-12,2050,120155617950.0,57449299650.0,8886760650.0
2025-11-12,3050,110707370750.0,64323771700.0,6953635650.0
2025-11-12,3100,15083001190.0,4779228290.0,1322871570.0
2025-11-12,3150,3335007750.0,1411768830.0,179078730.0
2025-11-12,3200,153773264080.0,94546495280.0,10804085220.0
2025-11-12,3250,123100117500.0,48625707750.0,8389485500.0
2025-11-12,3300,18517363980.0,11493289750.0,1201933510.0
2025-11-12,3350,42822490650.0,20804088150.0,3522749200.0
2025-11-12,3400,43380821950.0,33948345700.0,4524570100.0
2025-11-12,3450,21567537420.0,13531827030.0,1143911240.0
2025-11-12,3500,450844768300.0,239768841550.0,96788916000.0
2025-11-12,3550,33190400150.0,19632927900.0,1693012200.0
2025-11-12,3600,413846427410.0,237404851050.0,76589584230.0
2025-11-12,3650,961931579540.0,441059385350.0,169320285940.0
2025-11-12,3700,166410545040.0,86444475060.0,15149739400.0
2025-11-12,3750,62294887450.0,33943517250.0,3771733100.0
2025-11-12,3800,106797626660.0,51130287790.0,9493310340.0
2025-11-12,4050,71322827540.0,36942349550.0,7012334930.0
2025-11-12,5050,47445277150.0,34353590750.0,2805093500.0
2025-11-12,5100,20402885400.0,16087260500.0,1698087300.0
2025-11-12,5150,9071730950.0,5661584400.0,637325300.0
2025-11-12,5200,2770884650.0,1234867950.0,151405550.0
2025-11-12,5250,595695621403.0,248231133667.0,102925494860.0
2025-11-12,6050,134724639550.0,79123545550.0,17193240250.0
2025-11-12,6100,146885452770.0,79348705920.0,15557772770.0
2025-11-12,7050,249000408780.0,105839384270.0,17123966870.0
2025-11-12,7100,31866455200.0,10416162350.0,2162250500.0
2025-11-12,7150,56923383410.0,29454923540.0,3375713120.0
2025-11-12,7200,21790173690.0,11873496230.0,1544952430.0
2025-11-12,8050,68139669950.0,38736208730.0,5164772490.0
2025-11-12,9050,122342892190.0,60022021880.0,7236287850.0
2025-11-12,9999,197439110898.0,90922020740.0,30609640681.0
2025-11-11,0050,2749936400.0,2091202250.0,152919650.0
2025-11-11,1050,10085325050.0,4538548450.0,476077850.0
2025-11-11,2050,102237691200.0,66282736500.0,7991388350.0
2025-11-11,3050,76890208400.0,57137799100.0,4582535450.0
2025-11-11,3100,13059473590.0,5595870120.0,1007220130.0
2025-11-11,3150,3290399800.0,2225637370.0,178741780.0
2025-11-11,3200,141080990450.0,100656484580.0,14131240740.0
2025-11-11,3250,103584805100.0,37222721200.0,7362818000.0
2025-11-11,3300,8928269890.0,6717885120.0,515226000.0
2025-11-11,3350,15748622200.0,8744256450.0,833305550.0
2025-11-11,3400,50806489600.0,33629429250.0,4279138700.0
2025-11-11,3450,16593239650.0,11907175920.0,979255830.0
2025-11-11,3500,414927111300.0,222367015600.0,107199291050.0
2025-11-11,3550,17776268600.0,8321508900.0,877967700.0
2025-11-11,3600,321006841770.0,206254336260.0,57931949540.0
2025-11-11,3650,1248508508480.0,634212190550.0,233182774930.0
2025-11-11,3700,176022973930.0,99665625050.0,19567536100.0
2025-11-11,3750,41667176800.0,25001457050.0,2703772000.0
2025-11-11,3800,68611897650.0,28955602480.0,5444701580.0
2025-11-11,4050,78416667240.0,27550299600.0,8359785420.0
2025-11-11,5050,35515757000.0,36789674650.0,2465468150.0
2025-11-11,5100,15549460700.0,22374201000.0,1555824900.0
2025-11-11,5150,15494054150.0,9896482850.0,1129191850.0
2025-11-11,5200,2346824550.0,1498353900.0,146998350.0
2025-11-11,5250,449632255863.0,239301305408.0,85612818340.0
2025-11-11,6050,129541149350.0,96718288200.0,21134654950.0
2025-11-11,6100,140781188750.0,72974469800.0,15100801990.0
2025-11-11,7050,138592266550.0,75166350510.0,10935593160.0
2025-11-11,7100,24010747850.0,8293557900.0,1361117150.0
2025-11-11,7150,41676745110.0,19566329340.0,3040679750.0
2025-11-11,7200,21767645030.0,10799285980.0,1341797080.0
2025-11-11,8050,49851130370.0,39916405130.0,3160207430.0
2025-11-11,9050,105074366520.0,58171232480.0,7145579690.0
2025-11-11,9999,234617025026.0,100411584584.0,28774961301.0
2025-11-10,0050,1806952650.0,971207500.0,93991750.0
2025-11-10,1050,10983583350.0,3605966700.0,488720150.0
2025-11-10,2050,81953213550.0,42764966550.0,3516343700.0
2025-11-10,3050,114707957600.0,63228013900.0,6494338800.0
2025-11-10,3100,10113939250.0,3630334340.0,521551270.0
2025-11-10,3150,4193424800.0,2070310630.0,110605260.0
2025-11-10,3200,121887834230.0,79087495500.0,6464610080.0
2025-11-10,3250,97314699900.0,43592034850.0,6026342150.0
2025-11-10,3300,10573356830.0,6866908880.0,453338940.0
2025-11-10,3350,13105018600.0,8178636300.0,528905650.0
2025-11-10,3400,50334909720.0,23855825920.0,3549004560.0
2025-11-10,3450,19708017210.0,14689728310.0,888688670.0
2025-11-10,3500,381152228700.0,260920121650.0,84330959850.0
2025-11-10,3550,23222498400.0,7914425650.0,913574050.0
2025-11-10,3600,339873848250.0,173979544730.0,38660201310.0
2025-11-10,3650,969360388690.0,458060034330.0,145789692490.0
2025-11-10,3700,155843645620.0,105447461200.0,13228795290.0
2025-11-10,3750,52274363750.0,30490527900.0,2673948950.0
2025-11-10,3800,78519596440.0,35924941230.0,4529263670.0
2025-11-10,4050,72402087490.0,24256033300.0,6265268130.0
2025-11-10,5050,40593067000.0,32548808050.0,1391590950.0
2025-11-10,5100,16351877300.0,17492471450.0,1051256200.0
2025-11-10,5150,5134836000.0,3930250200.0,214661400.0
2025-11-10,5200,2780661150.0,1682098850.0,105163050.0
2025-11-10,5250,462008134385.0,159644724937.0,61093237760.0
2025-11-10,6050,158619283600.0,121711613150.0,16292664300.0
2025-11-10,6100,157161909310.0,79381999060.0,16549238260.0
2025-11-10,7050,159593914690.0,74911851050.0,7275471000.0
2025-11-10,7100,30656933400.0,11059734300.0,1280828100.0
2025-11-10,7150,38276182590.0,19596278620.0,1371892190.0
2025-11-10,7200,22035847530.0,12743573090.0,978853730.0
2025-11-10,8050,52587527950.0,30006801340.0,2967773820.0
2025-11-10,9050,128172615180.0,59969857160.0,6158904440.0
2025-11-10,9999,226792955000.0,91732416954.0,28845273067.0
2025-11-07,0050,2781534950.0,1481230200.0,142710750.0
2025-11-07,1050,7417176850.0,3801969400.0,554268850.0
2025-11-07,2050,83557388550.0,51907797900.0,6942892950.0
2025-11-07,3050,119492835300.0,52846981950.0,7714226700.0
2025-11-07,3100,11092289010.0,3874110480.0,990845070.0
2025-11-07,3150,5906376690.0,3900901250.0,402551400.0
2025-11-07,3200,120982836030.0,81822958520.0,11576805740.0
2025-11-07,3250,106299954450.0,49354316050.0,11181335800.0
2025-11-07,3300,6184531720.0,3655234600.0,651053790.0
2025-11-07,3350,12230342800.0,7292742700.0,1349558250.0
2025-11-07,3400,39534051490.0,26784309750.0,2455353090.0
2025-11-07,3450,23795285060.0,15678066430.0,1103039290.0
2025-11-07,3500,415966520150.0,291131820200.0,90886260550.0
2025-11-07,3550,20089253850.0,8163862100.0,1006277050.0
2025-11-07,3600,398626372350.0,252159495230.0,63383636960.0
2025-11-07,3650,1040542719210.0,536229999830.0,194999257460.0
2025-11-07,3700,152874800380.0,95648090180.0,16886003600.0
2025-11-07,3750,43622128500.0,31311592350.0,5523819400.0
2025-11-07,3800,92781735080.0,47821508320.0,8896562410.0
2025-11-07,4050,73996533420.0,25844335570.0,8781543040.0
2025-11-07,5050,46884820400.0,32142600800.0,3100850400.0
2025-11-07,5100,24460708250.0,17511698650.0,2688611450.0
2025-11-07,5150,4415843950.0,3596964900.0,507246600.0
2025-11-07,5200,3672811950.0,1937932300.0,144273650.0
2025-11-07,5250,516302389490.0,241216212291.0,98629609710.0
2025-11-07,6050,194599631800.0,111686164750.0,36999880450.0
2025-11-07,6100,238871766960.0,98599131120.0,48697252450.0
2025-11-07,7050,146587256990.0,89516367750.0,11971840560.0
2025-11-07,7100,25235954850.0,14577252800.0,1621386900.0
2025-11-07,7150,39108488970.0,22357216630.0,4006946460.0
2025-11-07,7200,15581255850.0,8537911250.0,1686703110.0
2025-11-07,8050,39381228270.0,24459154960.0,3858210100.0
2025-11-07,9050,182025958590.0,74166646830.0,17612341930.0
2025-11-07,9999,268321418998.0,115381397502.0,51082250464.0
2025-11-06,0050,4001684000.0,1894435600.0,272303300.0
2025-11-06,1050,8480703650.0,3196113600.0,807647050.0
2025-11-06,2050,96534042100.0,48636984950.0,8212058450.0
2025-11-06,3050,76883460850.0,47948786500.0,6062201750.0
2025-11-06,3100,23017191700.0,6478448700.0,2311758090.0
2025-11-06,3150,5999944360.0,3354247560.0,439696320.0
2025-11-06,3200,140458042720.0,95560874580.0,11900476230.0
2025-11-06,3250,99647661350.0,47635048500.0,10213745800.0
2025-11-06,3300,8975290930.0,4436396470.0,859721830.0
2025-11-06,3350,13635927000.0,11327490150.0,1568891150.0
2025-11-06,3400,40656043000.0,24148859550.0,3064043700.0
2025-11-06,3450,24949642690.0,35477628130.0,1789519310.0
2025-11-06,3500,362870583400.0,90201806850.0,60043781200.0
2025-11-06,3550,21247647000.0,11768737100.0,2315068200.0
2025-11-06,3600,504687476140.0,196781539870.0,73828406100.0
2025-11-06,3650,1002742461450.0,406739595200.0,156562424050.0
2025-11-06,3700,198114477110.0,124031342100.0,18234738650.0
2025-11-06,3750,52386827850.0,31621320550.0,5211518600.0
2025-11-06,3800,161476224900.0,61476497470.0,11547577720.0
2025-11-06,4050,105936378520.0,35088957150.0,9506050900.0
2025-11-06,5050,44589798450.0,39295070150.0,3615709450.0
2025-11-06,5100,39077021250.0,44266364100.0,4945010100.0
2025-11-06,5150,8021306850.0,4844591600.0,712072350.0
2025-11-06,5200,3384334200.0,2219758100.0,279650350.0
2025-11-06,5250,531707400387.0,227383623033.0,93802836930.0
2025-11-06,6050,283127785300.0,184220208500.0,32992662400.0
2025-11-06,6100,160317315110.0,83842626320.0,21987641630.0
2025-11-06,7050,190631321860.0,77335329430.0,16502105870.0
2025-11-06,7100,31476785600.0,12271927100.0,2115926950.0
2025-11-06,7150,45447951460.0,30170553880.0,4457558890.0
2025-11-06,7200,21962781730.0,11581113300.0,2074385900.0
2025-11-06,8050,48719092940.0,32953335800.0,5154287850.0
2025-11-06,9050,114898679850.0,64144976390.0,9598211410.0
2025-11-06,9999,221689461403.0,101050310394.0,35242752196.0
2025-11-05,0050,2369426650.0,1245948250.0,260639100.0
2025-11-05,1050,13507795050.0,5529786800.0,1430065000.0
2025-11-05,2050,111891682350.0,63199646500.0,13977223400.0
2025-11-05,3050,92125378000.0,51136084650.0,13351910900.0
2025-11-05,3100,14547731180.0,6027402170.0,1225476570.0
2025-11-05,3150,5067653440.0,2997590340.0,426004620.0
2025-11-05,3200,165309243110.0,102012276700.0,23043852950.0
2025-11-05,3250,150254356800.0,70375327000.0,22479179200.0
2025-11-05,3300,12381160460.0,6913064830.0,2057271420.0
2025-11-05,3350,18998433600.0,9520871250.0,3271932900.0
2025-11-05,3400,54650297060.0,36429713950.0,6167507930.0
2025-11-05,3450,20796887600.0,28778789870.0,2702521990.0
2025-11-05,3500,380382532250.0,160867951700.0,64531705700.0
2025-11-05,3550,23622820400.0,13017676200.0,1946365500.0
2025-11-05,3600,515078742040.0,241238328570.0,82315671650.0
2025-11-05,3650,1591178252070.0,636859617050.0,313122178700.0
2025-11-05,3700,243242772450.0,160814507990.0,38368941370.0
2025-11-05,3750,66850955300.0,43422486050.0,11370095950.0
2025-11-05,3800,198641307920.0,72854578930.0,22057233490.0
2025-11-05,4050,78861355540.0,37051209230.0,10808098710.0
2025-11-05,5050,52836188350.0,38449613500.0,7351582850.0
2025-11-05,5100,27205326650.0,30739488050.0,4039825700.0
2025-11-05,5150,18239384050.0,12011898700.0,1885922200.0
2025-11-05,5200,3520362550.0,2332169450.0,527236000.0
2025-11-05,5250,785096470076.0,286154274316.0,156598675910.0
2025-11-05,6050,247730633900.0,209339715550.0,45729231050.0
2025-11-05,6100,208572062970.0,96258914640.0,40763299460.0
2025-11-05,7050,226438872870.0,131605765910.0,33577974440.0
2025-11-05,7100,47979989400.0,23787250800.0,4240273300.0
2025-11-05,7150,60471171280.0,38195345880.0,11259844120.0
2025-11-05,7200,23527586040.0,13132975090.0,4053107410.0
2025-11-05,8050,55475292510.0,29926824990.0,9223610820.0
2025-11-05,9050,141460240370.0,76472795700.0,17458150050.0
2025-11-05,9999,501227019138.0,241292472984.0,123869612137.0
2025-11-04,0050,2427329750.0,1422936000.0,247912750.0
2025-11-04,1050,12547023950.0,4300196800.0,893221950.0
2025-11-04,2050,91221106800.0,47280741150.0,9679542350.0
2025-11-04,3050,81177621150.0,62356575950.0,9156979800.0
2025-11-04,3100,8834369220.0,4899300160.0,764694070.0
2025-11-04,3150,3906474850.0,2149358460.0,334917820.0
2025-11-04,3200,185812296550.0,100176745300.0,18665716860.0
2025-11-04,3250,143831900700.0,61838079600.0,14731405600.0
2025-11-04,3300,9470233060.0,6276955610.0,1320315450.0
2025-11-04,3350,17437246950.0,9159310800.0,2270039700.0
2025-11-04,3400,34823318850.0,28437879700.0,2910999800.0
2025-11-04,3450,22405407550.0,16681593060.0,1882620630.0
2025-11-04,3500,378586754050.0,205162957950.0,50728383500.0
2025-11-04,3550,26868290150.0,11399036750.0,1758348200.0
2025-11-04,3600,460482994420.0,198764119750.0,58453581210.0
2025-11-04,3650,1827230121150.0,1013309328630.0,256959303440.0
2025-11-04,3700,203589690950.0,114562660680.0,22273449340.0
2025-11-04,3750,63607020250.0,40321386900.0,7352970000.0
2025-11-04,3800,75901126580.0,43982858480.0,9415519830.0
2025-11-04,4050,75850648290.0,42588844600.0,8014076190.0
2025-11-04,5050,46377064700.0,43832120450.0,4730758550.0
2025-11-04,5100,48065516550.0,42097896000.0,5273107950.0
2025-11-04,5150,13225630400.0,9378944900.0,1133965950.0
2025-11-04,5200,4558385600.0,2654668500.0,275147250.0
2025-11-04,5250,566446167035.0,359629453092.0,113603723800.0
2025-11-04,6050,202214281250.0,163066402250.0,30895545000.0
2025-11-04,6100,180902840210.0,107000498240.0,28760167040.0
2025-11-04,7050,187686657910.0,75078567450.0,18646370610.0
2025-11-04,7100,49380381300.0,34261345000.0,3403531250.0
2025-11-04,7150,57743731490.0,32163727650.0,6681797040.0
2025-11-04,7200,19865206510.0,11158459840.0,2749707890.0
2025-11-04,8050,46909520440.0,29537597040.0,5671534230.0
2025-11-04,9050,137247668540.0,68827924970.0,13025840660.0
2025-11-04,9999,284848783078.0,121997618635.0,72100660725.0
2025-10-31,0050,1890759300.0,1206014500.0,48496500.0
2025-10-31,1050,12783480350.0,3577060300.0,391733000.0
2025-10-31,2050,109297507950.0,49765183300.0,8930104600.0
2025-10-31,3050,114122404850.0,52023370850.0,5307878950.0
2025-10-31,3100,8729451110.0,5462203730.0,375462890.0
2025-10-31,3150,6000283740.0,2377269750.0,178680580.0
2025-10-31,3200,145876436440.0,97106388950.0,9095917900.0
2025-10-31,3250,136257898100.0,75441654650.0,5261117250.0
2025-10-31,3300,12210056690.0,5287978890.0,539365010.0
2025-10-31,3350,17988856750.0,7680274800.0,720051700.0
2025-10-31,3400,23134425800.0,16729899350.0,1226359250.0
2025-10-31,3450,22449496660.0,18799893060.0,951499410.0
2025-10-31,3500,356740853450.0,158355570750.0,39330709350.0
2025-10-31,3550,24390191350.0,15176055000.0,777550950.0
2025-10-31,3600,514469868990.0,201370724960.0,57051933290.0
2025-10-31,3650,2013648504720.0,922581157820.0,271637249740.0
2025-10-31,3700,235264947910.0,136509837450.0,14156913730.0
2025-10-31,3750,71115350750.0,43099756450.0,4004475550.0
2025-10-31,3800,75026836800.0,33365635750.0,3728864320.0
2025-10-31,4050,93767870550.0,52610322090.0,8818328180.0
2025-10-31,5050,60336859850.0,40214849400.0,1935353400.0
2025-10-31,5100,23508480800.0,11341689800.0,1139752850.0
2025-10-31,5150,15644665700.0,16218938800.0,666722600.0
2025-10-31,5200,3427224900.0,1442143700.0,45875400.0
2025-10-31,5250,644539468956.0,243053457212.0,80217287330.0
2025-10-31,6050,170197102550.0,104510025400.0,10016548550.0
2025-10-31,6100,177972458740.0,77622652790.0,17421692000.0
2025-10-31,7050,192636714080.0,68136021530.0,7400750330.0
2025-10-31,7100,55603474400.0,28025240300.0,2973601900.0
2025-10-31,7150,72301122930.0,22081778010.0,2516762940.0
2025-10-31,7200,23523610260.0,9910620660.0,823962150.0
2025-10-31,8050,59801355720.0,28387797450.0,3528372030.0
2025-10-31,9050,130406643410.0,79491363700.0,5859785220.0
2025-10-31,9999,385519392708.0,168026347829.0,40641146354.0
