Date,Code,ShortMarginTradeVolume,LongMarginTradeVolume,ShortNegotiableMarginTradeVolume,LongNegotiableMarginTradeVolume,ShortStandardizedMarginTradeVolume,LongStandardizedMarginTradeVolume,IssueType,original_code,margin_ratio,short_change_pct,long_change_pct,code,date,Close,next_week_return,code_meta,stock_name,is_core30,is_policy,sectors
2025-10-03,16050,845200.0,2537300.0,235800.0,1190300.0,609400.0,1347000.0,2,1605,3.0020113582584003,,,1605,2025-10-03,2598.0,2.9638183217859826,1605,INPEX,False,True,鉱業
2025-10-10,16050,851300.0,2324600.0,244000.0,1117900.0,607300.0,1206700.0,2,1605,2.7306472453894046,0.7217226691907275,-8.382926733141527,1605,2025-10-10,2675.0,-0.8037383177570079,1605,INPEX,False,True,鉱業
2025-10-17,16050,782900.0,2340600.0,202100.0,1118500.0,580800.0,1222100.0,2,1605,2.9896538510665476,-8.034770351227538,0.6882904585735261,1605,2025-10-17,2653.5,7.367627661579057,1605,INPEX,False,True,鉱業
2025-10-24,16050,806000.0,2016300.0,194700.0,931400.0,611300.0,1084900.0,2,1605,2.5016129032258063,2.9505683995401766,-13.855421686746984,1605,2025-10-24,2849.0,-0.2808002808002863,1605,INPEX,False,True,鉱業
2025-10-31,16050,689400.0,2503700.0,150800.0,1220800.0,538600.0,1282900.0,2,1605,3.6317087322309254,-14.466501240694784,24.172990130436943,1605,2025-10-31,2841.0,1.918338613164372,1605,INPEX,False,True,鉱業
2025-11-07,16050,656900.0,2284000.0,151300.0,1108700.0,505600.0,1175300.0,2,1605,3.476937128938956,-4.714244270380041,-8.775012980788432,1605,2025-11-07,2895.5,9.652909687446032,1605,INPEX,False,True,鉱業
2025-11-14,16050,702400.0,2166300.0,158800.0,991900.0,543600.0,1174400.0,2,1605,3.084140091116173,6.926472826914298,-5.153239929947462,1605,2025-11-14,3175.0,-0.15748031496063408,1605,INPEX,False,True,鉱業
2025-11-21,16050,696900.0,1973100.0,159900.0,872800.0,537000.0,1100300.0,2,1605,2.83125269048644,-0.7830296127562697,-8.918432350090011,1605,2025-11-21,3170.0,5.078864353312307,1605,INPEX,False,True,鉱業
2025-10-03,17660,12900.0,8100.0,900.0,2900.0,12000.0,5200.0,2,1766,0.627906976744186,,,1766,2025-10-03,14280.0,0.07002801120448154,1766,竹中工務店,False,True,建設業
2025-10-10,17660,10900.0,7800.0,700.0,2200.0,10200.0,5600.0,2,1766,0.7155963302752294,-15.503875968992254,-3.703703703703709,1766,2025-10-10,14290.0,-1.1196641007697683,1766,竹中工務店,False,True,建設業
2025-10-17,17660,9500.0,8000.0,800.0,2200.0,8700.0,5800.0,2,1766,0.8421052631578947,-12.844036697247708,2.564102564102555,1766,2025-10-17,14130.0,3.255484784147211,1766,竹中工務店,False,True,建設業
2025-10-24,17660,7000.0,6300.0,2500.0,2000.0,4500.0,4300.0,2,1766,0.9,-26.315789473684216,-21.250000000000004,1766,2025-10-24,14590.0,-3.0157642220699055,1766,竹中工務店,False,True,建設業
2025-10-31,17660,5700.0,7100.0,2300.0,2000.0,3400.0,5100.0,2,1766,1.2456140350877194,-18.571428571428573,12.698412698412698,1766,2025-10-31,14150.0,0.35335689045936647,1766,竹中工務店,False,True,建設業
2025-11-07,17660,6100.0,7100.0,2500.0,2100.0,3600.0,5000.0,2,1766,1.1639344262295082,7.017543859649122,0.0,1766,2025-11-07,14200.0,1.5492957746478853,1766,竹中工務店,False,True,建設業
2025-11-14,17660,7200.0,7300.0,2700.0,2700.0,4500.0,4600.0,2,1766,1.0138888888888888,18.032786885245898,2.8169014084507005,1766,2025-11-14,14420.0,0.20804438280166426,1766,竹中工務店,False,True,建設業
2025-11-21,17660,7000.0,5500.0,2800.0,2100.0,4200.0,3400.0,2,1766,0.7857142857142857,-2.777777777777779,-24.65753424657534,1766,2025-11-21,14450.0,1.591695501730106,1766,竹中工務店,False,True,建設業
2025-10-03,18010,138400.0,135800.0,32000.0,31500.0,106400.0,104300.0,2,1801,0.98121387283237,,,1801,2025-10-03,10035.0,4.235176880916791,1801,大成建設,False,True,建設業
2025-10-10,18010,138000.0,104200.0,31800.0,28400.0,106200.0,75800.0,2,1801,0.755072463768116,-0.289017341040465,-23.26951399116347,1801,2025-10-10,10460.0,2.6768642447418722,1801,大成建設,False,True,建設業
2025-10-17,18010,215000.0,112500.0,115500.0,35300.0,99500.0,77200.0,2,1801,0.5232558139534884,55.79710144927537,7.965451055662198,1801,2025-10-17,10740.0,3.026070763500921,1801,大成建設,False,True,建設業
2025-10-24,18010,310700.0,147500.0,113800.0,45300.0,196900.0,102200.0,2,1801,0.4747344705503701,44.511627906976734,31.11111111111111,1801,2025-10-24,11065.0,1.5363759602349703,1801,大成建設,False,True,建設業
2025-10-31,18010,227500.0,138500.0,55100.0,43100.0,172400.0,95400.0,2,1801,0.6087912087912087,-26.77824267782427,-6.101694915254241,1801,2025-10-31,11235.0,2.7147307521139252,1801,大成建設,False,True,建設業
2025-11-07,18010,135800.0,150700.0,40500.0,50000.0,95300.0,100700.0,2,1801,1.109720176730486,-40.307692307692314,8.80866425992779,1801,2025-11-07,11540.0,8.492201039861346,1801,大成建設,False,True,建設業
2025-11-14,18010,139900.0,194700.0,39300.0,65700.0,100600.0,129000.0,2,1801,1.3917083631165117,3.0191458026509466,29.197080291970813,1801,2025-11-14,12520.0,7.428115015974446,1801,大成建設,False,True,建設業
2025-11-21,18010,149300.0,193400.0,41100.0,58600.0,108200.0,134800.0,2,1801,1.2953784326858673,6.71908506075769,-0.667693888032872,1801,2025-11-21,13450.0,-0.743494423791824,1801,大成建設,False,True,建設業
2025-10-03,18020,95100.0,826200.0,49900.0,278500.0,45200.0,547700.0,2,1802,8.68769716088328,,,1802,2025-10-03,2349.0,1.12813963388676,1802,大林組,False,True,建設業
2025-10-10,18020,92200.0,785600.0,50800.0,273700.0,41400.0,511900.0,2,1802,8.52060737527115,-3.0494216614090464,-4.914064391188577,1802,2025-10-10,2375.5,4.6306040833508755,1802,大林組,False,True,建設業
2025-10-17,18020,102000.0,1030100.0,56800.0,482800.0,45200.0,547300.0,2,1802,10.099019607843138,10.629067245119316,31.122708757637476,1802,2025-10-17,2485.5,4.646952323476161,1802,大林組,False,True,建設業
2025-10-24,18020,102300.0,1258000.0,53300.0,683300.0,49000.0,574700.0,2,1802,12.297165200391008,0.2941176470588225,22.12406562469662,1802,2025-10-24,2601.0,0.4229142637447225,1802,大林組,False,True,建設業
2025-10-31,18020,105500.0,1176500.0,47900.0,619100.0,57600.0,557400.0,2,1802,11.151658767772512,3.128054740957964,-6.478537360890302,1802,2025-10-31,2612.0,7.40811638591119,1802,大林組,False,True,建設業
2025-11-07,18020,89200.0,1208300.0,33400.0,592500.0,55800.0,615800.0,2,1802,13.545964125560538,-15.450236966824647,2.70293242668933,1802,2025-11-07,2805.5,1.6039921582605698,1802,大林組,False,True,建設業
2025-11-14,18020,92400.0,1496400.0,33100.0,751500.0,59300.0,744900.0,2,1802,16.194805194805195,3.587443946188351,23.843416370106763,1802,2025-11-14,2850.5,9.629889493071397,1802,大林組,False,True,建設業
2025-11-21,18020,141600.0,1227000.0,38800.0,556600.0,102800.0,670400.0,2,1802,8.665254237288135,53.24675324675325,-18.00320769847634,1802,2025-11-21,3125.0,1.8880000000000008,1802,大林組,False,True,建設業
2025-10-03,18030,251700.0,540300.0,78400.0,135400.0,173300.0,404900.0,2,1803,2.1466030989272946,,,1803,2025-10-03,1975.5,0.8605416350291106,1803,清水建設,False,True,建設業
2025-10-10,18030,208000.0,538900.0,76600.0,118000.0,131400.0,420900.0,2,1803,2.5908653846153844,-17.36193881605086,-0.2591153063113083,1803,2025-10-10,1992.5,-1.8318695106649963,1803,清水建設,False,True,建設業
2025-10-17,18030,188700.0,616400.0,72500.0,130700.0,116200.0,485700.0,2,1803,3.266560678325384,-9.278846153846152,14.381146780478748,1803,2025-10-17,1956.0,6.032719836400813,1803,清水建設,False,True,建設業
2025-10-24,18030,200400.0,664200.0,68900.0,129700.0,131500.0,534500.0,2,1803,3.31437125748503,6.200317965023849,7.754704737183649,1803,2025-10-24,2074.0,-0.024108003857281624,1803,清水建設,False,True,建設業
2025-10-31,18030,177700.0,602100.0,68200.0,124100.0,109500.0,478000.0,2,1803,3.3882948790095666,-11.327345309381244,-9.34959349593496,1803,2025-10-31,2073.5,5.497950325536527,1803,清水建設,False,True,建設業
2025-11-07,18030,173400.0,634100.0,63000.0,167900.0,110400.0,466200.0,2,1803,3.656862745098039,-2.419808666291501,5.314731772130865,1803,2025-11-07,2187.5,14.605714285714289,1803,清水建設,False,True,建設業
2025-11-14,18030,287900.0,621300.0,64900.0,176600.0,223000.0,444700.0,2,1803,2.1580409864536296,66.03229527104959,-2.018609052199971,1803,2025-11-14,2507.0,2.5927403270841642,1803,清水建設,False,True,建設業
2025-11-21,18030,287000.0,719300.0,68900.0,208100.0,218100.0,511200.0,2,1803,2.506271777003484,-0.3126085446335525,15.773378400128756,1803,2025-11-21,2572.0,7.737169517884923,1803,清水建設,False,True,建設業
2025-10-03,18120,56500.0,594700.0,14200.0,180800.0,42300.0,413900.0,2,1812,10.52566371681416,,,1812,2025-10-03,4211.0,5.675611493706967,1812,鹿島建設,False,True,建設業
2025-10-10,18120,63300.0,562200.0,16100.0,178000.0,47200.0,384200.0,2,1812,8.881516587677725,12.0353982300885,-5.464940306036659,1812,2025-10-10,4450.0,4.247191011235962,1812,鹿島建設,False,True,建設業
2025-10-17,18120,61000.0,517100.0,15300.0,169800.0,45700.0,347300.0,2,1812,8.47704918032787,-3.63349131121643,-8.022056207755245,1812,2025-10-17,4639.0,5.992670834231517,1812,鹿島建設,False,True,建設業
2025-10-24,18120,76900.0,606400.0,16500.0,202100.0,60400.0,404300.0,2,1812,7.88556566970091,26.065573770491813,17.26938696577065,1812,2025-10-24,4917.0,1.1999186495830871,1812,鹿島建設,False,True,建設業
2025-10-31,18120,72200.0,585700.0,14800.0,179100.0,57400.0,406600.0,2,1812,8.112188365650969,-6.111833550065016,-3.413588390501321,1812,2025-10-31,4976.0,3.2556270096463003,1812,鹿島建設,False,True,建設業
2025-11-07,18120,70400.0,713300.0,17800.0,268000.0,52600.0,445300.0,2,1812,10.132102272727272,-2.4930747922437657,21.7858972170053,1812,2025-11-07,5138.0,9.08913974309069,1812,鹿島建設,False,True,建設業
2025-11-14,18120,78600.0,914400.0,17600.0,293300.0,61000.0,621100.0,2,1812,11.63358778625954,11.64772727272727,28.192906210570577,1812,2025-11-14,5605.0,2.1052631578947434,1812,鹿島建設,False,True,建設業
2025-11-21,18120,83900.0,706800.0,17700.0,196200.0,66200.0,510600.0,2,1812,8.424314660309893,6.743002544529264,-22.703412073490817,1812,2025-11-21,5723.0,1.6949152542372836,1812,鹿島建設,False,True,建設業
2025-10-03,29140,495700.0,1779700.0,93100.0,1041400.0,402600.0,738300.0,2,2914,3.5902763768408312,,,2914,2025-10-03,4929.0,-0.5072022722661829,2914,日本たばこ産業,True,False,食料品
2025-10-10,29140,455600.0,1931300.0,93100.0,1072400.0,362500.0,858900.0,2,2914,4.239025460930641,-8.08957030461973,8.518289599370688,2914,2025-10-10,4904.0,2.100326264274055,2914,日本たばこ産業,True,False,食料品
2025-10-17,29140,455400.0,1815200.0,71500.0,989300.0,383900.0,825900.0,2,2914,3.9859464207290296,-0.0438981562774332,-6.01149484802982,2914,2025-10-17,5007.0,-0.7189934092270867,2914,日本たばこ産業,True,False,食料品
2025-10-24,29140,421300.0,1998600.0,68300.0,1058100.0,353000.0,940500.0,2,2914,4.743887965820081,-7.487922705314009,10.103569854561488,2914,2025-10-24,4971.0,7.9259706296519905,2914,日本たばこ産業,True,False,食料品
2025-10-31,29140,446900.0,2044700.0,63200.0,1142900.0,383700.0,901800.0,2,2914,4.575296486909823,6.07643009731782,2.306614630241177,2914,2025-10-31,5365.0,3.410997204100652,2914,日本たばこ産業,True,False,食料品
2025-11-07,29140,565000.0,1974900.0,67200.0,1139100.0,497800.0,835800.0,2,2914,3.4953982300884956,26.42649362273439,-3.413703721817385,2914,2025-11-07,5548.0,2.469358327325155,2914,日本たばこ産業,True,False,食料品
2025-11-14,29140,609900.0,2173200.0,72200.0,1162600.0,537700.0,1010600.0,2,2914,3.5632070831283817,7.9469026548672606,10.041014734923293,2914,2025-11-14,5685.0,1.4951627088830355,2914,日本たばこ産業,True,False,食料品
2025-11-21,29140,706500.0,2143600.0,110300.0,1112700.0,596200.0,1030900.0,2,2914,3.0341118188251945,15.838662075750133,-1.3620467513344336,2914,2025-11-21,5770.0,1.6811091854419313,2914,日本たばこ産業,True,False,食料品
2025-10-03,33820,904000.0,10555200.0,11800.0,7590500.0,892200.0,2964700.0,2,3382,11.676106194690265,,,3382,2025-10-03,1979.0,-3.4360788276907583,3382,セブン＆アイ・ホールディングス,True,False,小売業
2025-10-10,33820,762600.0,11148900.0,11600.0,7867900.0,751000.0,3281000.0,2,3382,14.619590873328088,-15.641592920353986,5.624715779899958,3382,2025-10-10,1911.0,4.186289900575613,3382,セブン＆アイ・ホールディングス,True,False,小売業
2025-10-17,33820,837000.0,9605300.0,12400.0,6956700.0,824600.0,2648600.0,2,3382,11.475866188769414,9.756097560975618,-13.845312093569772,3382,2025-10-17,1991.0,1.1551983927674536,3382,セブン＆アイ・ホールディングス,True,False,小売業
2025-10-24,33820,732700.0,8426900.0,11600.0,6096600.0,721100.0,2330300.0,2,3382,11.501160092807424,-12.461170848267622,-12.268226916389914,3382,2025-10-24,2014.0,-2.383316782522349,3382,セブン＆アイ・ホールディングス,True,False,小売業
2025-10-31,33820,599300.0,8413300.0,12900.0,5965700.0,586400.0,2447600.0,2,3382,14.038544969130651,-18.206633001228333,-0.1613879362517667,3382,2025-10-31,1966.0,1.1698880976602322,3382,セブン＆アイ・ホールディングス,True,False,小売業
2025-11-07,33820,631800.0,8174700.0,14500.0,5812500.0,617300.0,2362200.0,2,3382,12.938746438746438,5.422993492407802,-2.8359858795003134,3382,2025-11-07,1989.0,2.513826043237799,3382,セブン＆アイ・ホールディングス,True,False,小売業
2025-11-14,33820,634500.0,7027700.0,15300.0,4998500.0,619200.0,2029200.0,2,3382,11.075965327029158,0.4273504273504258,-14.03109594235874,3382,2025-11-14,2039.0,5.1495831289847915,3382,セブン＆アイ・ホールディングス,True,False,小売業
2025-11-21,33820,653000.0,4167800.0,15100.0,2841500.0,637900.0,1326300.0,2,3382,6.382542113323124,2.9156816390858875,-40.69467962491285,3382,2025-11-21,2144.0,0.1865671641791078,3382,セブン＆アイ・ホールディングス,True,False,小売業
2025-10-03,40630,374900.0,2436200.0,83200.0,1235100.0,291700.0,1201100.0,2,4063,6.498266204321152,,,4063,2025-10-03,5031.0,-0.21864440469091528,4063,信越化学工業,True,True,化学
2025-10-10,40630,336200.0,2330500.0,65000.0,1090700.0,271200.0,1239800.0,2,4063,6.931885782272457,-10.322752734062412,-4.33872424267302,4063,2025-10-10,5020.0,-2.4501992031872533,4063,信越化学工業,True,True,化学
2025-10-17,40630,268800.0,2428700.0,52000.0,1127700.0,216800.0,1301000.0,2,4063,9.035342261904765,-20.047590719809637,4.213688049774733,4063,2025-10-17,4897.0,0.16336532570961904,4063,信越化学工業,True,True,化学
2025-10-24,40630,225500.0,2753200.0,54800.0,1284600.0,170700.0,1468600.0,2,4063,12.209312638580933,-16.108630952380953,13.361057355787054,4063,2025-10-24,4905.0,-5.096839959225285,4063,信越化学工業,True,True,化学
2025-10-31,40630,132300.0,3879800.0,38400.0,1540400.0,93900.0,2339400.0,2,4063,29.325774754346185,-41.33037694013304,40.91965712625309,4063,2025-10-31,4655.0,-2.706766917293235,4063,信越化学工業,True,True,化学
2025-11-07,40630,148500.0,4023900.0,38100.0,1648900.0,110400.0,2375000.0,2,4063,27.096969696969698,12.244897959183664,3.714108974689423,4063,2025-11-07,4529.0,2.472952086553315,4063,信越化学工業,True,True,化学
2025-11-14,40630,128200.0,4001100.0,35100.0,1650200.0,93100.0,2350900.0,2,4063,31.209828393135727,-13.670033670033666,-0.5666144784910121,4063,2025-11-14,4641.0,-3.0381383322559796,4063,信越化学工業,True,True,化学
2025-11-21,40630,226600.0,4082500.0,55000.0,1761800.0,171600.0,2320700.0,2,4063,18.01632833186231,76.75507020280811,2.0344405288545753,4063,2025-11-21,4500.0,4.488888888888898,4063,信越化学工業,True,True,化学
2025-10-03,43070,34000.0,293100.0,16100.0,47800.0,17900.0,245300.0,2,4307,8.620588235294118,,,4307,2025-10-03,5605.0,1.9625334522747506,4307,野村総合研究所,False,True,情報・通信業
2025-10-10,43070,34600.0,301700.0,17000.0,61600.0,17600.0,240100.0,2,4307,8.719653179190752,1.764705882352935,2.934152166496085,4307,2025-10-10,5715.0,-4.601924759405074,4307,野村総合研究所,False,True,情報・通信業
2025-10-17,43070,36900.0,325600.0,20700.0,51500.0,16200.0,274100.0,2,4307,8.823848238482384,6.647398843930641,7.921776599270802,4307,2025-10-17,5452.0,6.32795304475422,4307,野村総合研究所,False,True,情報・通信業
2025-10-24,43070,42800.0,304300.0,21000.0,48400.0,21800.0,255900.0,2,4307,7.109813084112149,15.989159891598923,-6.541769041769041,4307,2025-10-24,5797.0,4.019320338105925,4307,野村総合研究所,False,True,情報・通信業
2025-10-31,43070,47100.0,186600.0,19600.0,40400.0,27500.0,146200.0,2,4307,3.961783439490446,10.046728971962615,-38.67893526125534,4307,2025-10-31,6030.0,-0.4477611940298498,4307,野村総合研究所,False,True,情報・通信業
2025-11-07,43070,41400.0,232400.0,15200.0,54700.0,26200.0,177700.0,2,4307,5.613526570048309,-12.101910828025474,24.544480171489823,4307,2025-11-07,6003.0,5.447276361819098,4307,野村総合研究所,False,True,情報・通信業
2025-11-14,43070,64100.0,161400.0,13900.0,59800.0,50200.0,101600.0,2,4307,2.517940717628705,54.830917874396135,-30.550774526678136,4307,2025-11-14,6330.0,1.0900473933649346,4307,野村総合研究所,False,True,情報・通信業
2025-11-21,43070,65100.0,150700.0,15800.0,57300.0,49300.0,93400.0,2,4307,2.314900153609831,1.5600624024961096,-6.629491945477072,4307,2025-11-21,6399.0,-2.5785278949835955,4307,野村総合研究所,False,True,情報・通信業
2025-10-03,45020,70500.0,2026700.0,10000.0,864700.0,60500.0,1162000.0,2,4502,28.747517730496455,,,4502,2025-10-03,4258.0,-0.8454673555659986,4502,武田薬品工業,True,False,医薬品
2025-10-10,45020,68100.0,2145400.0,10200.0,920700.0,57900.0,1224700.0,2,4502,31.50367107195301,-3.404255319148941,5.856811565599251,4502,2025-10-10,4222.0,-0.7342491710090049,4502,武田薬品工業,True,False,医薬品
2025-10-17,45020,53600.0,2236300.0,9100.0,962200.0,44500.0,1274100.0,2,4502,41.72201492537314,-21.292217327459618,4.236972126409988,4502,2025-10-17,4191.0,2.505368647100936,4502,武田薬品工業,True,False,医薬品
2025-10-24,45020,46200.0,1930600.0,9400.0,871300.0,36800.0,1059300.0,2,4502,41.78787878787879,-13.805970149253731,-13.669901176049724,4502,2025-10-24,4296.0,-3.328677839851024,4502,武田薬品工業,True,False,医薬品
2025-10-31,45020,71500.0,2203700.0,9500.0,1004400.0,62000.0,1199300.0,2,4502,30.82097902097902,54.761904761904766,14.145861390241365,4502,2025-10-31,4153.0,0.650132434384787,4502,武田薬品工業,True,False,医薬品
2025-11-07,45020,44300.0,2228100.0,9200.0,1036900.0,35100.0,1191200.0,2,4502,50.29571106094808,-38.04195804195805,1.1072287516449508,4502,2025-11-07,4180.0,6.291866028708126,4502,武田薬品工業,True,False,医薬品
2025-11-14,45020,140200.0,1422600.0,17400.0,784100.0,122800.0,638500.0,2,4502,10.146932952924391,216.4785553047404,-36.15187828194426,4502,2025-11-14,4443.0,-0.13504388926400823,4502,武田薬品工業,True,False,医薬品
2025-11-21,45020,124700.0,1336600.0,17500.0,743600.0,107200.0,593000.0,2,4502,10.718524458700882,-11.055634807417968,-6.0452692253620155,4502,2025-11-21,4437.0,1.5551048005409074,4502,武田薬品工業,True,False,医薬品
2025-10-03,45680,205600.0,3386800.0,23300.0,1401100.0,182300.0,1985700.0,2,4568,16.472762645914397,,,4568,2025-10-03,3728.0,9.012875536480692,4568,第一三共,True,False,医薬品
2025-10-10,45680,311400.0,2456900.0,48500.0,1218200.0,262900.0,1238700.0,2,4568,7.88985228002569,51.45914396887159,-27.456596197000117,4568,2025-10-10,4064.0,-1.67322834645669,4568,第一三共,True,False,医薬品
2025-10-17,45680,234500.0,2431800.0,40200.0,1190700.0,194300.0,1241100.0,2,4568,10.370149253731345,-24.69492614001284,-1.0216126012454696,4568,2025-10-17,3996.0,0.22522522522523403,4568,第一三共,True,False,医薬品
2025-10-24,45680,224800.0,2236300.0,41700.0,1163300.0,183100.0,1073000.0,2,4568,9.947953736654805,-4.136460554371002,-8.039312443457526,4568,2025-10-24,4005.0,-8.389513108614233,4568,第一三共,True,False,医薬品
2025-10-31,45680,141000.0,2549900.0,16700.0,1234900.0,124300.0,1315000.0,2,4568,18.084397163120567,-37.27758007117438,14.0231632607432,4568,2025-10-31,3669.0,-8.203870264377212,4568,第一三共,True,False,医薬品
2025-11-07,45680,88100.0,3555500.0,12000.0,1515700.0,76100.0,2039800.0,2,4568,40.35754824063565,-37.51773049645391,39.436840660418056,4568,2025-11-07,3368.0,4.067695961995255,4568,第一三共,True,False,医薬品
2025-11-14,45680,103000.0,3504300.0,11200.0,1617500.0,91800.0,1886800.0,2,4568,34.02233009708738,16.912599318955724,-1.4400225003515676,4568,2025-11-14,3505.0,5.563480741797422,4568,第一三共,True,False,医薬品
2025-11-21,45680,124500.0,2941400.0,14400.0,1451900.0,110100.0,1489500.0,2,4568,23.62570281124498,20.873786407766985,-16.063122449561963,4568,2025-11-21,3700.0,4.432432432432432,4568,第一三共,True,False,医薬品
2025-10-03,50200,794700.0,2248100.0,193700.0,977200.0,601000.0,1270900.0,2,5020,2.828866238832264,,,5020,2025-10-03,915.7000122070312,1.3323153919837294,5020,ENEOSホールディングス,False,True,石油・石炭製品
2025-10-10,50200,781300.0,2524700.0,195200.0,1194700.0,586100.0,1330000.0,2,5020,3.231409189811852,-1.6861708820938737,12.303723143988265,5020,2025-10-10,927.9000244140625,-1.7027749124268188,5020,ENEOSホールディングス,False,True,石油・石炭製品
2025-10-17,50200,741400.0,2344900.0,182900.0,1008500.0,558500.0,1336400.0,2,5020,3.1628001079039656,-5.106873160117753,-7.121638214441317,5020,2025-10-17,912.0999755859375,4.582836305995119,5020,ENEOSホールディングス,False,True,石油・石炭製品
2025-10-24,50200,795000.0,2123100.0,203900.0,940200.0,591100.0,1182900.0,2,5020,2.670566037735849,7.229565686538986,-9.4588255362702,5020,2025-10-24,953.9000244140625,1.981335873276202,5020,ENEOSホールディングス,False,True,石油・石炭製品
2025-10-31,50200,751400.0,1945400.0,181300.0,904200.0,570100.0,1041200.0,2,5020,2.5890338035666756,-5.484276729559745,-8.369836559747535,5020,2025-10-31,972.7999877929688,0.34950909300237587,5020,ENEOSホールディングス,False,True,石油・石炭製品
2025-11-07,50200,722900.0,1922200.0,185500.0,895000.0,537400.0,1027200.0,2,5020,2.6590123115230324,-3.7929198828852817,-1.1925568006579623,5020,2025-11-07,976.2000122070312,6.996515769197087,5020,ENEOSホールディングス,False,True,石油・石炭製品
2025-11-14,50200,791900.0,1949500.0,159400.0,786500.0,632500.0,1163000.0,2,5020,2.461800732415709,9.544888642965832,1.4202476329206126,5020,2025-11-14,1044.5,-2.6807084729535635,5020,ENEOSホールディングス,False,True,石油・石炭製品
2025-11-21,50200,656400.0,1957500.0,149000.0,782000.0,507400.0,1175500.0,2,5020,2.9821755027422303,-17.11074630635181,0.4103616311874836,5020,2025-11-21,1016.5,1.1805213969503292,5020,ENEOSホールディングス,False,True,石油・石炭製品
2025-10-03,56310,384100.0,1018700.0,59300.0,330300.0,324800.0,688400.0,2,5631,2.652173913043478,,,5631,2025-10-03,8535.0,12.665495020503803,5631,日本製鋼所,False,True,機械
2025-10-10,56310,371400.0,735900.0,59900.0,282800.0,311500.0,453100.0,2,5631,1.981421647819063,-3.306430617026812,-27.7608716992245,5631,2025-10-10,9616.0,0.8735440931780358,5631,日本製鋼所,False,True,機械
2025-10-17,56310,385000.0,766900.0,71000.0,283700.0,314000.0,483200.0,2,5631,1.991948051948052,3.661820140010774,4.212528876206001,5631,2025-10-17,9700.0,5.61855670103093,5631,日本製鋼所,False,True,機械
2025-10-24,56310,397300.0,775500.0,72000.0,293600.0,325300.0,481900.0,2,5631,1.9519254971054616,3.1948051948051948,1.1213978354413845,5631,2025-10-24,10245.0,-1.0248901903367469,5631,日本製鋼所,False,True,機械
2025-10-31,56310,372100.0,827300.0,67700.0,327700.0,304400.0,499600.0,2,5631,2.223327062617576,-6.342813994462626,6.679561573178594,5631,2025-10-31,10140.0,-13.34319526627219,5631,日本製鋼所,False,True,機械
2025-11-07,56310,306900.0,1078900.0,50800.0,396900.0,256100.0,682000.0,2,5631,3.515477354187031,-17.52217145928514,30.41218421370724,5631,2025-11-07,8787.0,8.501194947080926,5631,日本製鋼所,False,True,機械
2025-11-14,56310,304800.0,953000.0,49000.0,339700.0,255800.0,613300.0,2,5631,3.126640419947506,-0.6842619745845546,-11.66929279822041,5631,2025-11-14,9534.0,-6.156912104048673,5631,日本製鋼所,False,True,機械
2025-11-21,56310,263600.0,964600.0,44000.0,359100.0,219600.0,605500.0,2,5631,3.659332321699545,-13.51706036745407,1.2172088142707205,5631,2025-11-21,8947.0,3.218956074661894,5631,日本製鋼所,False,True,機械
2025-10-03,60980,204000.0,2518500.0,97800.0,632300.0,106200.0,1886200.0,2,6098,12.345588235294118,,,6098,2025-10-03,7882.0,3.044912458766813,6098,リクルートホールディングス,True,False,サービス業
2025-10-10,60980,218600.0,2234500.0,104300.0,567300.0,114300.0,1667200.0,2,6098,10.221866422689844,7.156862745098036,-11.276553504069886,6098,2025-10-10,8122.0,-8.692440285643933,6098,リクルートホールディングス,True,False,サービス業
2025-10-17,60980,266200.0,3252600.0,69500.0,820300.0,196700.0,2432300.0,2,6098,12.21863260706236,21.77493138151876,45.562765719400325,6098,2025-10-17,7416.0,6.930960086299898,6098,リクルートホールディングス,True,False,サービス業
2025-10-24,60980,223100.0,2536200.0,85300.0,672000.0,137800.0,1864200.0,2,6098,11.367996414164052,-16.190833959428996,-22.02545655783066,6098,2025-10-24,7930.0,-2.799495586380829,6098,リクルートホールディングス,True,False,サービス業
2025-10-31,60980,171600.0,2772300.0,65700.0,750100.0,105900.0,2022200.0,2,6098,16.155594405594407,-23.083818915284628,9.30920274426308,6098,2025-10-31,7708.0,10.106382978723394,6098,リクルートホールディングス,True,False,サービス業
2025-11-07,60980,544800.0,1523900.0,99900.0,488200.0,444900.0,1035700.0,2,6098,2.797173274596182,217.4825174825175,-45.03120152941601,6098,2025-11-07,8487.0,-4.524566984800282,6098,リクルートホールディングス,True,False,サービス業
2025-11-14,60980,229300.0,1546900.0,66000.0,510800.0,163300.0,1036100.0,2,6098,6.746184038377671,-57.91116005873715,1.5092853861802036,6098,2025-11-14,8103.0,-4.874737751450075,6098,リクルートホールディングス,True,False,サービス業
2025-11-21,60980,263400.0,1610200.0,65100.0,528900.0,198300.0,1081300.0,2,6098,6.113135914958239,14.871347579590054,4.092055077897738,6098,2025-11-21,7708.0,3.8661131292164086,6098,リクルートホールディングス,True,False,サービス業
2025-10-03,63670,75000.0,1007900.0,41600.0,452700.0,33400.0,555200.0,2,6367,13.438666666666666,,,6367,2025-10-03,17455.0,0.5156115726153043,6367,ダイキン工業,True,False,機械
2025-10-10,63670,73000.0,890100.0,41000.0,412600.0,32000.0,477500.0,2,6367,12.193150684931506,-2.6666666666666616,-11.687667427324143,6367,2025-10-10,17545.0,1.6243944143630618,6367,ダイキン工業,True,False,機械
2025-10-17,63670,79300.0,848800.0,41100.0,402000.0,38200.0,446800.0,2,6367,10.703656998738966,8.630136986301373,-4.639928097966517,6367,2025-10-17,17830.0,2.8042624789680337,6367,ダイキン工業,True,False,機械
2025-10-24,63670,97300.0,768800.0,40100.0,361900.0,57200.0,406900.0,2,6367,7.901336073997944,22.69861286254729,-9.425070688030155,6367,2025-10-24,18330.0,-1.9367157665030055,6367,ダイキン工業,True,False,機械
2025-10-31,63670,70900.0,761500.0,37400.0,351900.0,33500.0,409600.0,2,6367,10.740479548660083,-27.13257965056526,-0.9495317377731572,6367,2025-10-31,17975.0,10.01390820584145,6367,ダイキン工業,True,False,機械
2025-11-07,63670,129700.0,586000.0,52200.0,303400.0,77500.0,282600.0,2,6367,4.518118735543562,82.93370944992948,-23.04661851608667,6367,2025-11-07,19775.0,4.146649810366632,6367,ダイキン工業,True,False,機械
2025-11-14,63670,136700.0,492300.0,47100.0,266700.0,89600.0,225600.0,2,6367,3.6013167520117046,5.39707016191211,-15.989761092150168,6367,2025-11-14,20595.0,-5.0254916241806225,6367,ダイキン工業,True,False,機械
2025-11-21,63670,58600.0,486000.0,13700.0,260800.0,44900.0,225200.0,2,6367,8.293515358361775,-57.13240673006583,-1.279707495429616,6367,2025-11-21,19560.0,3.7065439672801626,6367,ダイキン工業,True,False,機械
2025-10-03,65010,983800.0,8527900.0,298300.0,2283400.0,685500.0,6244500.0,2,6501,8.66832689571051,,,6501,2025-10-03,4300.0,2.651162790697681,6501,日立製作所,True,True,電気機器
2025-10-10,65010,815200.0,6031700.0,289900.0,1776000.0,525300.0,4255700.0,2,6501,7.399043179587832,-17.137629599512096,-29.27098113251797,6501,2025-10-10,4414.0,1.7217942908926087,6501,日立製作所,True,True,電気機器
2025-10-17,65010,822400.0,5268300.0,310500.0,1567700.0,511900.0,3700600.0,2,6501,6.406006809338521,0.8832188420019538,-12.656465009864547,6501,2025-10-17,4490.0,1.7594654788418707,6501,日立製作所,True,True,電気機器
2025-10-24,65010,767800.0,5042400.0,302100.0,1608300.0,465700.0,3434100.0,2,6501,6.567335243553009,-6.639105058365757,-4.287910711235121,6501,2025-10-24,4569.0,16.39308382578244,6501,日立製作所,True,True,電気機器
2025-10-31,65010,995900.0,4462500.0,300400.0,1691800.0,695500.0,2770700.0,2,6501,4.480871573451149,29.708257358687163,-11.500475963826752,6501,2025-10-31,5318.0,-3.384731101918015,6501,日立製作所,True,True,電気機器
2025-11-07,65010,670300.0,4920500.0,215300.0,1698000.0,455000.0,3222500.0,2,6501,7.3407429509175,-32.69404558690632,10.263305322128849,6501,2025-11-07,5138.0,-1.0704554301284586,6501,日立製作所,True,True,電気機器
2025-11-14,65010,597800.0,5783700.0,199600.0,1924500.0,398200.0,3859200.0,2,6501,9.674974907995985,-10.81605251379979,17.542932628797892,6501,2025-11-14,5083.0,-7.338186110564626,6501,日立製作所,True,True,電気機器
2025-11-21,65010,480500.0,6285900.0,169100.0,1995100.0,311400.0,4290800.0,2,6501,13.081997918834547,-19.62194713951154,8.683022978370246,6501,2025-11-21,4710.0,5.4777070063694255,6501,日立製作所,True,True,電気機器
2025-10-03,65030,277200.0,2037900.0,97300.0,1091100.0,179900.0,946800.0,2,6503,7.3517316017316015,,,6503,2025-10-03,3743.0,4.915842906759282,6503,三菱電機,True,True,電気機器
2025-10-10,65030,292700.0,2107000.0,96600.0,1136400.0,196100.0,970600.0,2,6503,7.198496754355996,5.591630591630592,3.39074537514108,6503,2025-10-10,3927.0,-2.164502164502169,6503,三菱電機,True,True,電気機器
2025-10-17,65030,249800.0,2509900.0,88400.0,1264500.0,161400.0,1245400.0,2,6503,10.047638110488393,-14.656645029039971,19.1219743711438,6503,2025-10-17,3842.0,4.216553878188445,6503,三菱電機,True,True,電気機器
2025-10-24,65030,256600.0,2460500.0,84800.0,1268900.0,171800.0,1191600.0,2,6503,9.588854247856586,2.7221777421937654,-1.9682059046177147,6503,2025-10-24,4004.0,7.817182817182822,6503,三菱電機,True,True,電気機器
2025-10-31,65030,280600.0,3795100.0,73800.0,1524600.0,206800.0,2270500.0,2,6503,13.524946543121882,9.353078721745913,54.24100792521844,6503,2025-10-31,4317.0,-0.46328468844104576,6503,三菱電機,True,True,電気機器
2025-11-07,65030,253900.0,3143900.0,76800.0,1459400.0,177100.0,1684500.0,2,6503,12.382434029145331,-9.51532430506058,-17.158968143131936,6503,2025-11-07,4297.0,-1.39632301605771,6503,三菱電機,True,True,電気機器
2025-11-14,65030,261200.0,2901500.0,82100.0,1323600.0,179100.0,1577900.0,2,6503,11.108346094946402,2.875147695943281,-7.710168898501857,6503,2025-11-14,4237.0,-1.8645267878215743,6503,三菱電機,True,True,電気機器
2025-11-21,65030,244800.0,2924700.0,81900.0,1332100.0,162900.0,1592600.0,2,6503,11.947303921568627,-6.278713629402755,0.7995864208168113,6503,2025-11-21,4158.0,1.5632515632515664,6503,三菱電機,True,True,電気機器
2025-10-03,67010,447600.0,1751100.0,113700.0,782800.0,333900.0,968300.0,2,6701,3.912198391420912,,,6701,2025-10-03,4510.0,6.629711751662981,6701,ＮＥＣ,False,True,電気機器
2025-10-10,67010,438700.0,2322100.0,113200.0,874900.0,325500.0,1447200.0,2,6701,5.29313881923866,-1.98838248436104,32.60807492433329,6701,2025-10-10,4809.0,-0.6446246620919083,6701,ＮＥＣ,False,True,電気機器
2025-10-17,67010,403800.0,2509200.0,114200.0,935400.0,289600.0,1573800.0,2,6701,6.213967310549777,-7.955322543879639,8.05736187072046,6701,2025-10-17,4778.0,6.2997069903725444,6701,ＮＥＣ,False,True,電気機器
2025-10-24,67010,403800.0,2211400.0,111600.0,885400.0,292200.0,1326000.0,2,6701,5.4764735017335315,0.0,-11.868324565598598,6701,2025-10-24,5079.0,10.61232526087812,6701,ＮＥＣ,False,True,電気機器
2025-10-31,67010,377100.0,2397100.0,107400.0,1096400.0,269700.0,1300700.0,2,6701,6.356669318483161,-6.612184249628528,8.397395315184951,6701,2025-10-31,5618.0,-2.4029903880384507,6701,ＮＥＣ,False,True,電気機器
2025-11-07,67010,340300.0,2569800.0,98700.0,1118100.0,241600.0,1451700.0,2,6701,7.551572142227446,-9.758684699018827,7.204538817738104,6701,2025-11-07,5483.0,9.064380813423313,6701,ＮＥＣ,False,True,電気機器
2025-11-14,67010,378800.0,2207700.0,104500.0,1072600.0,274300.0,1135100.0,2,6701,5.828141499472017,11.313546870408464,-14.090590707448047,6701,2025-11-14,5980.0,1.5719063545150513,6701,ＮＥＣ,False,True,電気機器
2025-11-21,67010,407500.0,1903600.0,102300.0,969200.0,305200.0,934400.0,2,6701,4.6714110429447855,7.576557550158403,-13.77451646509943,6701,2025-11-21,6074.0,-3.012841620019757,6701,ＮＥＣ,False,True,電気機器
2025-10-03,67020,259200.0,2203600.0,137100.0,603400.0,122100.0,1600200.0,2,6702,8.501543209876543,,,6702,2025-10-03,3523.0,9.452171444791379,6702,富士通,False,True,電気機器
2025-10-10,67020,318200.0,2797400.0,130000.0,836800.0,188200.0,1960600.0,2,6702,8.791326209930862,22.76234567901234,26.946814303866407,6702,2025-10-10,3856.0,-4.253112033195016,6702,富士通,False,True,電気機器
2025-10-17,67020,285600.0,2830700.0,125300.0,777500.0,160300.0,2053200.0,2,6702,9.91141456582633,-10.245128849780016,1.1903910774290427,6702,2025-10-17,3692.0,4.7670639219935085,6702,富士通,False,True,電気機器
2025-10-24,67020,295900.0,2912300.0,126900.0,843900.0,169000.0,2068400.0,2,6702,9.842176410949644,3.6064425770308217,2.882679195958593,6702,2025-10-24,3868.0,4.214064115822125,6702,富士通,False,True,電気機器
2025-10-31,67020,320400.0,3296400.0,129900.0,987400.0,190500.0,2309000.0,2,6702,10.288389513108614,8.279824264954371,13.188888507365304,6702,2025-10-31,4031.0,-0.7442322004465374,6702,富士通,False,True,電気機器
2025-11-07,67020,292500.0,2857300.0,133100.0,806700.0,159400.0,2050600.0,2,6702,9.768547008547008,-8.70786516853933,-13.320592161145496,6702,2025-11-07,4001.0,4.298925268682829,6702,富士通,False,True,電気機器
2025-11-14,67020,303600.0,2206900.0,133500.0,682800.0,170100.0,1524100.0,2,6702,7.269104084321476,3.7948717948717903,-22.76274804885732,6702,2025-11-14,4173.0,-1.0543973160795583,6702,富士通,False,True,電気機器
2025-11-21,67020,878300.0,2075400.0,130400.0,672300.0,747900.0,1403100.0,2,6702,2.362973926904247,189.2951251646904,-5.958584439711812,6702,2025-11-21,4129.0,0.43594090578833455,6702,富士通,False,True,電気機器
2025-10-03,67230,942400.0,2955600.0,213300.0,1222600.0,729100.0,1733000.0,2,6723,3.1362478777589136,,,6723,2025-10-03,1812.0,-0.8554083885209729,6723,ルネサスエレクトロニクス,False,True,電気機器
2025-10-10,67230,600300.0,2850900.0,197000.0,1227500.0,403300.0,1623400.0,2,6723,4.749125437281359,-36.30093378607809,-3.542427933414538,6723,2025-10-10,1796.5,6.985805733370443,6723,ルネサスエレクトロニクス,False,True,電気機器
2025-10-17,67230,841300.0,2385600.0,218700.0,1134900.0,622600.0,1250700.0,2,6723,2.8356115535480804,40.14659336998167,-16.321161738398406,6723,2025-10-17,1922.0,-4.08428720083247,6723,ルネサスエレクトロニクス,False,True,電気機器
2025-10-24,67230,560800.0,2982800.0,178300.0,1238200.0,382500.0,1744600.0,2,6723,5.318830242510699,-33.34125757755854,25.033534540576795,6723,2025-10-24,1843.5,3.6615134255492343,6723,ルネサスエレクトロニクス,False,True,電気機器
2025-10-31,67230,553800.0,3179800.0,151400.0,1511200.0,402400.0,1668600.0,2,6723,5.741784037558685,-1.2482168330955723,6.604532653882256,6723,2025-10-31,1911.0,-3.9508110936682383,6723,ルネサスエレクトロニクス,False,True,電気機器
2025-11-07,67230,373100.0,3099400.0,124300.0,1379800.0,248800.0,1719600.0,2,6723,8.307156258375771,-32.62910798122066,-2.528460909491159,6723,2025-11-07,1835.5,5.420866248978484,6723,ルネサスエレクトロニクス,False,True,電気機器
2025-11-14,67230,712400.0,2496100.0,161500.0,1265300.0,550900.0,1230800.0,2,6723,3.5037900056148232,90.94076655052264,-19.465057753113506,6723,2025-11-14,1935.0,-7.080103359173129,6723,ルネサスエレクトロニクス,False,True,電気機器
2025-11-21,67230,349300.0,3306200.0,124300.0,1391100.0,225000.0,1915100.0,2,6723,9.465216146578872,-50.96855699045479,32.454629221585684,6723,2025-11-21,1798.0,2.975528364849822,6723,ルネサスエレクトロニクス,False,True,電気機器
2025-10-03,67580,412400.0,2034500.0,21200.0,340800.0,391200.0,1693700.0,2,6758,4.933317167798254,,,6758,2025-10-03,4206.0,6.062767475035669,6758,ソニーグループ,True,True,電気機器
2025-10-10,67580,567300.0,2058000.0,17400.0,499400.0,549900.0,1558600.0,2,6758,3.627710206240085,37.560620756547046,1.1550749569918972,6758,2025-10-10,4461.0,-3.609056265411348,6758,ソニーグループ,True,True,電気機器
2025-10-17,67580,399000.0,2709300.0,13100.0,555200.0,385900.0,2154100.0,2,6758,6.790225563909774,-29.666842940243253,31.647230320699716,6758,2025-10-17,4300.0,1.7906976744185954,6758,ソニーグループ,True,True,電気機器
2025-10-24,67580,345600.0,2633600.0,10100.0,614700.0,335500.0,2018900.0,2,6758,7.62037037037037,-13.383458646616544,-2.7940796515705135,6758,2025-10-24,4377.0,-1.0281014393420107,6758,ソニーグループ,True,True,電気機器
2025-10-31,67580,328700.0,2943900.0,15500.0,731800.0,313200.0,2212100.0,2,6758,8.956191055673866,-4.8900462962962905,11.782351154313496,6758,2025-10-31,4332.0,-1.6851338873499544,6758,ソニーグループ,True,True,電気機器
2025-11-07,67580,275200.0,3563000.0,14300.0,944300.0,260900.0,2618700.0,2,6758,12.946947674418604,-16.276239732278675,21.029926288257084,6758,2025-11-07,4259.0,10.354543320028187,6758,ソニーグループ,True,True,電気機器
2025-11-14,67580,555100.0,2214100.0,88300.0,574800.0,466800.0,1639300.0,2,6758,3.9886506935687263,101.70784883720933,-37.85854616895874,6758,2025-11-14,4700.0,-4.106382978723399,6758,ソニーグループ,True,True,電気機器
2025-11-21,67580,559500.0,2348500.0,43700.0,602600.0,515800.0,1745900.0,2,6758,4.197497765862377,0.7926499729778325,6.070186531773625,6758,2025-11-21,4507.0,1.5087641446638544,6758,ソニーグループ,True,True,電気機器
2025-10-03,67620,916500.0,2029100.0,461500.0,1213100.0,455000.0,816000.0,2,6762,2.213966175668303,,,6762,2025-10-03,2210.0,0.06787330316742057,6762,ＴＤＫ,False,True,電気機器
2025-10-10,67620,758800.0,2038600.0,405600.0,1163800.0,353200.0,874800.0,2,6762,2.6866104375329467,-17.20676486633933,0.4681878665418137,6762,2025-10-10,2211.5,1.9895998191272968,6762,ＴＤＫ,False,True,電気機器
2025-10-17,67620,740000.0,1977600.0,404800.0,1122100.0,335200.0,855500.0,2,6762,2.672432432432432,-2.477596204533472,-2.9922495830471907,6762,2025-10-17,2255.5,12.103746397694515,6762,ＴＤＫ,False,True,電気機器
2025-10-24,67620,893400.0,1817800.0,426700.0,1145900.0,466700.0,671900.0,2,6762,2.034698903066935,20.72972972972973,-8.080501618122982,6762,2025-10-24,2528.5,5.714850701997221,6762,ＴＤＫ,False,True,電気機器
2025-10-31,67620,600300.0,2508000.0,244000.0,1367600.0,356300.0,1140400.0,2,6762,4.177911044477761,-32.80725319006045,37.968973484431736,6762,2025-10-31,2673.0,-6.734006734006737,6762,ＴＤＫ,False,True,電気機器
2025-11-07,67620,506200.0,2321200.0,206800.0,1185500.0,299400.0,1135700.0,2,6762,4.585539312524694,-15.675495585540569,-7.448165869218504,6762,2025-11-07,2493.0,1.7047733654231845,6762,ＴＤＫ,False,True,電気機器
2025-11-14,67620,602200.0,2383200.0,218000.0,1214300.0,384200.0,1168900.0,2,6762,3.957489206243773,18.96483603318846,2.671032224711367,6762,2025-11-14,2535.5,-4.8116742259909255,6762,ＴＤＫ,False,True,電気機器
2025-11-21,67620,665000.0,2248100.0,303500.0,1148400.0,361500.0,1099700.0,2,6762,3.3806015037593986,10.428429093324487,-5.668848606915066,6762,2025-11-21,2413.5,6.049305987155584,6762,ＴＤＫ,False,True,電気機器
2025-10-03,68570,4069800.0,4545200.0,749600.0,2337100.0,3320200.0,2208100.0,2,6857,1.116811636935476,,,6857,2025-10-03,15690.0,13.671128107074558,6857,アドバンテスト,False,True,電気機器
2025-10-10,68570,3830300.0,5446400.0,688900.0,2519900.0,3141400.0,2926500.0,2,6857,1.4219251755737148,-5.884810064376634,19.82751034057908,6857,2025-10-10,17835.0,-5.410709279506587,6857,アドバンテスト,False,True,電気機器
2025-10-17,68570,3477000.0,5880300.0,879800.0,2726700.0,2597200.0,3153600.0,2,6857,1.6911993097497844,-9.223820588465658,7.966730317273796,6857,2025-10-17,16870.0,1.2448132780082943,6857,アドバンテスト,False,True,電気機器
2025-10-24,68570,3261700.0,5616700.0,1045200.0,2745200.0,2216500.0,2871500.0,2,6857,1.7220161265597695,-6.192119643370719,-4.482764484805202,6857,2025-10-24,17080.0,35.45081967213115,6857,アドバンテスト,False,True,電気機器
2025-10-31,68570,4155400.0,3327000.0,1761200.0,1516600.0,2394200.0,1810400.0,2,6857,0.8006449439283824,27.39982217861851,-40.76593017252124,6857,2025-10-31,23135.0,-13.72379511562567,6857,アドバンテスト,False,True,電気機器
2025-11-07,68570,2811200.0,4870000.0,1144300.0,2051600.0,1666900.0,2818400.0,2,6857,1.7323562891291977,-32.34826972132646,46.37811842500752,6857,2025-11-07,19960.0,-2.1543086172344683,6857,アドバンテスト,False,True,電気機器
2025-11-14,68570,2821400.0,5384100.0,1155800.0,2300600.0,1665600.0,3083500.0,2,6857,1.9083079322322252,0.362834376778598,10.556468172484587,6857,2025-11-14,19530.0,-6.2211981566820285,6857,アドバンテスト,False,True,電気機器
2025-11-21,68570,2530000.0,5384700.0,1110500.0,2275900.0,1419500.0,3108800.0,2,6857,2.1283399209486165,-10.328205855249164,0.0111439237755694,6857,2025-11-21,18315.0,12.339612339612337,6857,アドバンテスト,False,True,電気機器
2025-10-03,68610,41600.0,364700.0,15600.0,113900.0,26000.0,250800.0,2,6861,8.766826923076923,,,6861,2025-10-03,57000.0,6.035087719298238,6861,キーエンス,True,False,電気機器
2025-10-10,68610,73400.0,207400.0,20800.0,87900.0,52600.0,119500.0,2,6861,2.8256130790190737,76.4423076923077,-43.13134082807787,6861,2025-10-10,60440.0,-2.7465254798146876,6861,キーエンス,True,False,電気機器
2025-10-17,68610,57600.0,245800.0,18500.0,99900.0,39100.0,145900.0,2,6861,4.267361111111111,-21.525885558583106,18.51494696239151,6861,2025-10-17,58780.0,3.759782238856757,6861,キーエンス,True,False,電気機器
2025-10-24,68610,76900.0,189900.0,19800.0,88500.0,57100.0,101400.0,2,6861,2.469440832249675,33.50694444444444,-22.74206672091131,6861,2025-10-24,60990.0,-5.935399245777995,6861,キーエンス,True,False,電気機器
2025-10-31,68610,60200.0,365900.0,11000.0,141300.0,49200.0,224600.0,2,6861,6.078073089700997,-21.716514954486343,92.68035808320168,6861,2025-10-31,57370.0,-4.131078961129509,6861,キーエンス,True,False,電気機器
2025-11-07,68610,38600.0,497900.0,7900.0,184000.0,30700.0,313900.0,2,6861,12.898963730569948,-35.880398671096344,36.0754304454769,6861,2025-11-07,55000.0,1.1818181818181728,6861,キーエンス,True,False,電気機器
2025-11-14,68610,42600.0,465700.0,8300.0,168500.0,34300.0,297200.0,2,6861,10.931924882629108,10.362694300518127,-6.467162080739108,6861,2025-11-14,55650.0,-2.246181491464505,6861,キーエンス,True,False,電気機器
2025-11-21,68610,52900.0,506000.0,9700.0,182600.0,43200.0,323400.0,2,6861,9.565217391304348,24.17840375586855,8.653639682198833,6861,2025-11-21,54400.0,-2.316176470588238,6861,キーエンス,True,False,電気機器
2025-10-03,69200,997400.0,3630600.0,119900.0,1515300.0,877500.0,2115300.0,2,6920,3.640064166833768,,,6920,2025-10-03,20010.0,1.0744627686156916,6920,レーザーテック,False,True,電気機器
2025-10-10,69200,974400.0,3680800.0,123300.0,1513800.0,851100.0,2167000.0,2,6920,3.777504105090312,-2.305995588530174,1.3826915661323105,6920,2025-10-10,20225.0,1.4585908529048286,6920,レーザーテック,False,True,電気機器
2025-10-17,69200,948900.0,3524900.0,117300.0,1435100.0,831600.0,2089800.0,2,6920,3.714722310043208,-2.616995073891626,-4.235492284286025,6920,2025-10-17,20520.0,5.653021442495132,6920,レーザーテック,False,True,電気機器
2025-10-24,69200,972000.0,2689700.0,129900.0,1225600.0,842100.0,1464100.0,2,6920,2.767181069958848,2.4343977236800596,-23.694289199693607,6920,2025-10-24,21680.0,31.042435424354252,6920,レーザーテック,False,True,電気機器
2025-10-31,69200,772700.0,2077300.0,101700.0,925000.0,671000.0,1152300.0,2,6920,2.6883654717225314,-20.50411522633745,-22.768338476410012,6920,2025-10-31,28410.0,2.428722280887019,6920,レーザーテック,False,True,電気機器
2025-11-07,69200,675600.0,1982800.0,111200.0,927800.0,564400.0,1055000.0,2,6920,2.934872705743043,-12.566325870324835,-4.549174409088719,6920,2025-11-07,29100.0,-3.4536082474226792,6920,レーザーテック,False,True,電気機器
2025-11-14,69200,656900.0,1979400.0,109500.0,891800.0,547400.0,1087600.0,2,6920,3.0132440249657484,-2.7679100059206596,-0.1714746822675028,6920,2025-11-14,28095.0,-5.623776472681974,6920,レーザーテック,False,True,電気機器
2025-11-21,69200,602900.0,1911200.0,108000.0,870900.0,494900.0,1040300.0,2,6920,3.1700116105490133,-8.220429289085097,-3.445488531878349,6920,2025-11-21,26515.0,5.902319441825377,6920,レーザーテック,False,True,電気機器
2025-10-03,69460,0.0,538900.0,0.0,271700.0,0.0,267200.0,1,6946,,,,6946,2025-10-03,4250.0,11.64705882352941,6946,日本アビオニクス,False,True,電気機器
2025-10-10,69460,0.0,496800.0,0.0,249300.0,0.0,247500.0,1,6946,,,-7.812210057524583,6946,2025-10-10,4745.0,-2.1074815595363505,6946,日本アビオニクス,False,True,電気機器
2025-10-17,69460,100.0,509100.0,100.0,253100.0,0.0,256000.0,1,6946,5091.0,inf,2.475845410628019,6946,2025-10-17,4645.0,8.71905274488698,6946,日本アビオニクス,False,True,電気機器
2025-10-24,69460,0.0,583000.0,0.0,268500.0,0.0,314500.0,1,6946,,-100.0,14.51581221763898,6946,2025-10-24,5050.0,7.920792079207928,6946,日本アビオニクス,False,True,電気機器
2025-10-31,69460,0.0,566400.0,0.0,289600.0,0.0,276800.0,1,6946,,,-2.847341337907372,6946,2025-10-31,5450.0,-8.440366972477065,6946,日本アビオニクス,False,True,電気機器
2025-11-07,69460,0.0,590500.0,0.0,311200.0,0.0,279300.0,1,6946,,,4.254943502824848,6946,2025-11-07,4990.0,0.0,6946,日本アビオニクス,False,True,電気機器
2025-11-14,69460,0.0,603400.0,0.0,320200.0,0.0,283200.0,1,6946,,,2.1845893310753706,6946,2025-11-14,4990.0,-9.118236472945895,6946,日本アビオニクス,False,True,電気機器
2025-11-21,69460,0.0,606700.0,0.0,321900.0,0.0,284800.0,1,6946,,,0.5469008949287479,6946,2025-11-21,4535.0,6.063947078280041,6946,日本アビオニクス,False,True,電気機器
2025-10-03,69810,350900.0,1783300.0,78800.0,901600.0,272100.0,881700.0,2,6981,5.082074665146766,,,6981,2025-10-03,2823.5,0.6552151584912291,6981,村田製作所,True,False,電気機器
2025-10-10,69810,287700.0,1803800.0,74900.0,884500.0,212800.0,919300.0,2,6981,6.2697254084115395,-18.010829296095753,1.149554197274716,6981,2025-10-10,2842.0,-0.8796622097114737,6981,村田製作所,True,False,電気機器
2025-10-17,69810,442400.0,1876700.0,75700.0,896100.0,366700.0,980600.0,2,6981,4.242088607594937,53.77128953771289,4.041468011974714,6981,2025-10-17,2817.0,7.135250266240689,6981,村田製作所,True,False,電気機器
2025-10-24,69810,437300.0,1547900.0,84800.0,762100.0,352500.0,785800.0,2,6981,3.5396752801280584,-1.1528028933092238,-17.520115095646617,6981,2025-10-24,3018.0,12.392312789927097,6981,村田製作所,True,False,電気機器
2025-10-31,69810,460700.0,1788900.0,83100.0,828700.0,377600.0,960200.0,2,6981,3.8830041241588886,5.351017608049391,15.569481232637772,6981,2025-10-31,3392.0,-4.127358490566035,6981,村田製作所,True,False,電気機器
2025-11-07,69810,361100.0,1647400.0,75600.0,739300.0,285500.0,908100.0,2,6981,4.562171143727499,-21.61927501627957,-7.909888758454919,6981,2025-11-07,3252.0,-4.397293972939731,6981,村田製作所,True,False,電気機器
2025-11-14,69810,331600.0,1872900.0,72100.0,834400.0,259500.0,1038500.0,2,6981,5.648069963811822,-8.169482137911931,13.68823600825544,6981,2025-11-14,3109.0,-2.4445159215181755,6981,村田製作所,True,False,電気機器
2025-11-21,69810,240300.0,1854700.0,67200.0,821400.0,173100.0,1033300.0,2,6981,7.718268830628381,-27.533172496984314,-0.9717550323028455,6981,2025-11-21,3033.0,5.934718100890213,6981,村田製作所,True,False,電気機器
2025-10-03,70110,4290100.0,22847900.0,974800.0,6862800.0,3315300.0,15985100.0,2,7011,5.3257266730379245,,,7011,2025-10-03,3690.0,9.403794037940383,7011,三菱重工業,True,True,機械
2025-10-10,70110,3786200.0,17871700.0,977600.0,5698300.0,2808600.0,12173400.0,2,7011,4.720220801859384,-11.74564695461644,-21.779682158973035,7011,2025-10-10,4037.0,6.267029972752036,7011,三菱重工業,True,True,機械
2025-10-17,70110,4441200.0,15618300.0,1020400.0,5132600.0,3420800.0,10485700.0,2,7011,3.516684679816266,17.299667212508574,-12.608761337757455,7011,2025-10-17,4290.0,3.170163170163165,7011,三菱重工業,True,True,機械
2025-10-24,70110,4162900.0,17861700.0,1074200.0,5766600.0,3088700.0,12095100.0,2,7011,4.290686780849888,-6.266324416824287,14.363919248573788,7011,2025-10-24,4426.0,5.128784455490276,7011,三菱重工業,True,True,機械
2025-10-31,70110,4263600.0,15710300.0,1164700.0,5620600.0,3098900.0,10089700.0,2,7011,3.684749976545642,2.418986764034692,-12.044766175671972,7011,2025-10-31,4653.0,-4.384268214055453,7011,三菱重工業,True,True,機械
2025-11-07,70110,3350200.0,18881300.0,894300.0,6464600.0,2455900.0,12416700.0,2,7011,5.635872485224763,-21.42321043249836,20.184210358809196,7011,2025-11-07,4449.0,-6.181164306585751,7011,三菱重工業,True,True,機械
2025-11-14,70110,2909900.0,23600300.0,795900.0,7681400.0,2114000.0,15918900.0,2,7011,8.110347434619745,-13.142498955286252,24.992982474723657,7011,2025-11-14,4174.0,-7.642549113560138,7011,三菱重工業,True,True,機械
2025-11-21,70110,1999000.0,25172700.0,729500.0,8039900.0,1269500.0,17132800.0,2,7011,12.59264632316158,-31.30348121928589,6.662627169993596,7011,2025-11-21,3855.0,2.386511024643312,7011,三菱重工業,True,True,機械
2025-10-03,70120,527100.0,6044300.0,102300.0,2521700.0,424800.0,3522600.0,2,7012,11.467084044773287,,,7012,2025-10-03,9202.0,5.661812649424047,7012,川崎重工業,False,True,機械
2025-10-10,70120,781700.0,5520200.0,107900.0,2403800.0,673800.0,3116400.0,2,7012,7.061788409875912,48.302029975336744,-8.670979269725198,7012,2025-10-10,9723.0,0.05142445747197133,7012,川崎重工業,False,True,機械
2025-10-17,70120,733500.0,5512100.0,105800.0,2326000.0,627700.0,3186100.0,2,7012,7.5147920927062035,-6.166048356146858,-0.1467338139922502,7012,2025-10-17,9728.0,19.089226973684205,7012,川崎重工業,False,True,機械
2025-10-24,70120,743100.0,3629700.0,179700.0,1811600.0,563400.0,1818100.0,2,7012,4.884537747274929,1.3087934560327197,-34.1503238330219,7012,2025-10-24,11585.0,7.034958998705232,7012,川崎重工業,False,True,機械
2025-10-31,70120,684600.0,3582000.0,168100.0,1785100.0,516500.0,1796900.0,2,7012,5.23225241016652,-7.872426322163905,-1.3141581948921344,7012,2025-10-31,12400.0,-7.86290322580645,7012,川崎重工業,False,True,機械
2025-11-07,70120,481900.0,3881300.0,121600.0,1852100.0,360300.0,2029200.0,2,7012,8.054160614235318,-29.608530528775923,8.355667225013953,7012,2025-11-07,11425.0,-7.789934354485773,7012,川崎重工業,False,True,機械
2025-11-14,70120,305100.0,4518500.0,99900.0,2009500.0,205200.0,2509000.0,2,7012,14.80989839396919,-36.688109566300064,16.417179810888104,7012,2025-11-14,10535.0,-5.116279069767438,7012,川崎重工業,False,True,機械
2025-11-21,70120,218800.0,4687400.0,77800.0,2049500.0,141000.0,2637900.0,2,7012,21.423217550274224,-28.285807931825634,3.7379661392054953,7012,2025-11-21,9996.0,-1.140456182472993,7012,川崎重工業,False,True,機械
2025-10-03,70130,7244400.0,15321200.0,914800.0,4669000.0,6329600.0,10652200.0,2,7013,2.114902545414389,,,7013,2025-10-03,2543.5,10.792215451149989,7013,ＩＨＩ,False,True,機械
2025-10-10,70130,5702900.0,21623300.0,769400.0,6697900.0,4933500.0,14925400.0,2,7013,3.791632327412369,-21.278504776102924,41.13320105474767,7013,2025-10-10,2818.0,-2.3420865862313733,7013,ＩＨＩ,False,True,機械
2025-10-17,70130,4996300.0,26588000.0,725800.0,8095200.0,4270500.0,18492800.0,2,7013,5.321537938074175,-12.39018744849112,22.959955233475004,7013,2025-10-17,2752.0,12.827034883720923,7013,ＩＨＩ,False,True,機械
2025-10-24,70130,5055000.0,22410700.0,724700.0,7570200.0,4330300.0,14840500.0,2,7013,4.433372898120672,1.1748694033584917,-15.711223108169104,7013,2025-10-24,3105.0,3.5426731078904927,7013,ＩＨＩ,False,True,機械
2025-10-31,70130,4346600.0,18071500.0,657900.0,6260900.0,3688700.0,11810600.0,2,7013,4.15761744812037,-14.013847675568748,-19.362179673102577,7013,2025-10-31,3215.0,-4.665629860031107,7013,ＩＨＩ,False,True,機械
2025-11-07,70130,3503100.0,20940500.0,558200.0,6904700.0,2944900.0,14035800.0,2,7013,5.977705460877509,-19.405972484240554,15.875826577760566,7013,2025-11-07,3065.0,-5.057096247960846,7013,ＩＨＩ,False,True,機械
2025-11-14,70130,3072700.0,22326500.0,539500.0,7250500.0,2533200.0,15076000.0,2,7013,7.266085201939662,-12.286260740486998,6.618753133879318,7013,2025-11-14,2910.0,-7.938144329896913,7013,ＩＨＩ,False,True,機械
2025-11-21,70130,2336500.0,21938700.0,509000.0,7054900.0,1827500.0,14883800.0,2,7013,9.389557029745346,-23.959384254889837,-1.7369493651042456,7013,2025-11-21,2679.0,3.9753639417693165,7013,ＩＨＩ,False,True,機械
2025-10-03,72030,1607000.0,12844600.0,260200.0,6448500.0,1346800.0,6396100.0,2,7203,7.992906036092097,,,7203,2025-10-03,2839.5,2.077830603979569,7203,トヨタ自動車,True,False,輸送用機器
2025-10-10,72030,1735100.0,14367100.0,286900.0,7827900.0,1448200.0,6539200.0,2,7203,8.280272030430522,7.971375233354072,11.853230151191951,7203,2025-10-10,2898.5,1.2075211316197931,7203,トヨタ自動車,True,False,輸送用機器
2025-10-17,72030,1879700.0,13062300.0,283000.0,7468300.0,1596700.0,5594000.0,2,7203,6.949140820343672,8.333813613048235,-9.081860639934291,7203,2025-10-17,2933.5,6.5962161240838535,7203,トヨタ自動車,True,False,輸送用機器
2025-10-24,72030,2885000.0,10638200.0,365300.0,6192100.0,2519700.0,4446100.0,2,7203,3.687417677642981,53.48193860722456,-18.557987490717565,7203,2025-10-24,3127.0,0.35177486408697334,7203,トヨタ自動車,True,False,輸送用機器
2025-10-31,72030,2783500.0,10943600.0,333900.0,6149000.0,2449600.0,4794600.0,2,7203,3.931596910364649,-3.518197573656845,2.8707864112349935,7203,2025-10-31,3138.0,-0.6373486297004516,7203,トヨタ自動車,True,False,輸送用機器
2025-11-07,72030,2556800.0,10989800.0,278500.0,5441700.0,2278300.0,5548100.0,2,7203,4.2982634543178975,-8.144422489671276,0.4221645527979767,7203,2025-11-07,3118.0,1.9884541372674702,7203,トヨタ自動車,True,False,輸送用機器
2025-11-14,72030,2917000.0,10055900.0,357800.0,4850100.0,2559200.0,5205800.0,2,7203,3.447343160781625,14.08792240300376,-8.497879852226609,7203,2025-11-14,3180.0,-2.610062893081766,7203,トヨタ自動車,True,False,輸送用機器
2025-11-21,72030,2893300.0,10318700.0,286700.0,4861200.0,2606600.0,5457500.0,2,7203,3.566412055438427,-0.8124785738772733,2.6133911435077817,7203,2025-11-21,3097.0,1.1624152405553811,7203,トヨタ自動車,True,False,輸送用機器
2025-10-03,72670,599400.0,7779800.0,156100.0,4771000.0,443300.0,3008800.0,2,7267,12.979312645979311,,,7267,2025-10-03,1524.5,2.066251229911442,7267,本田技研工業,True,False,輸送用機器
2025-10-10,72670,516200.0,10579900.0,146400.0,8084200.0,369800.0,2495700.0,2,7267,20.495738086013173,-13.880547213880543,35.99192781305432,7267,2025-10-10,1556.0,-2.474293059125965,7267,本田技研工業,True,False,輸送用機器
2025-10-17,72670,440500.0,11131600.0,122700.0,8385100.0,317800.0,2746500.0,2,7267,25.270374574347333,-14.664858581944983,5.2146050529778165,7267,2025-10-17,1517.5,5.074135090609566,7267,本田技研工業,True,False,輸送用機器
2025-10-24,72670,560900.0,11559300.0,148600.0,9506200.0,412300.0,2053100.0,2,7267,20.608486361205205,27.332576617480143,3.8422149556218255,7267,2025-10-24,1594.5,-2.1636876763875823,7267,本田技研工業,True,False,輸送用機器
2025-10-31,72670,558000.0,10515400.0,201100.0,8174500.0,356900.0,2340900.0,2,7267,18.84480286738351,-0.517026207880189,-9.030823665792909,7267,2025-10-31,1560.0,1.6025641025640969,7267,本田技研工業,True,False,輸送用機器
2025-11-07,72670,631200.0,11115300.0,196900.0,8889900.0,434300.0,2225400.0,2,7267,17.609790874524716,13.118279569892463,5.704966049793625,7267,2025-11-07,1585.0,-1.798107255520509,7267,本田技研工業,True,False,輸送用機器
2025-11-14,72670,539500.0,8257900.0,189600.0,5932000.0,349900.0,2325900.0,2,7267,15.306580166821131,-14.527883396704688,-25.706908495497196,7267,2025-11-14,1556.5,-1.156440732412467,7267,本田技研工業,True,False,輸送用機器
2025-11-21,72670,500000.0,8321200.0,127900.0,5916200.0,372100.0,2405000.0,2,7267,16.6424,-7.321594068582016,0.7665387083883202,7267,2025-11-21,1538.5,2.1774455638609025,7267,本田技研工業,True,False,輸送用機器
2025-10-03,77350,232200.0,645700.0,41600.0,342200.0,190600.0,303500.0,2,7735,2.780792420327304,,,7735,2025-10-03,14370.0,-3.7926235212247694,7735,SCREENホールディングス,False,True,電気機器
2025-10-10,77350,168800.0,869300.0,36400.0,428400.0,132400.0,440900.0,2,7735,5.149881516587678,-27.3040482342808,34.629084714263584,7735,2025-10-10,13825.0,-1.5913200723327359,7735,SCREENホールディングス,False,True,電気機器
2025-10-17,77350,147900.0,959200.0,33100.0,449400.0,114800.0,509800.0,2,7735,6.485463150777552,-12.38151658767772,10.341654204532391,7735,2025-10-17,13605.0,-1.6905549430356492,7735,SCREENホールディングス,False,True,電気機器
2025-10-24,77350,142500.0,929300.0,31300.0,434400.0,111200.0,494900.0,2,7735,6.52140350877193,-3.65111561866126,-3.117180984153456,7735,2025-10-24,13375.0,9.794392523364493,7735,SCREENホールディングス,False,True,電気機器
2025-10-31,77350,207000.0,899900.0,36500.0,419600.0,170500.0,480300.0,2,7735,4.3473429951690825,45.26315789473685,-3.163671580759708,7735,2025-10-31,14685.0,-15.900578821927136,7735,SCREENホールディングス,False,True,電気機器
2025-11-07,77350,87600.0,1146100.0,23600.0,526500.0,64000.0,619600.0,2,7735,13.083333333333334,-57.68115942028986,27.35859539948884,7735,2025-11-07,12350.0,3.765182186234828,7735,SCREENホールディングス,False,True,電気機器
2025-11-14,77350,108400.0,1035300.0,27000.0,493800.0,81400.0,541500.0,2,7735,9.550738007380074,23.74429223744292,-9.667568275019631,7735,2025-11-14,12815.0,-3.199375731564569,7735,SCREENホールディングス,False,True,電気機器
2025-11-21,77350,98600.0,912100.0,25600.0,462900.0,73000.0,449200.0,2,7735,9.25050709939148,-9.04059040590406,-11.899932386747803,7735,2025-11-21,12405.0,3.6275695284159637,7735,SCREENホールディングス,False,True,電気機器
2025-10-03,77410,81300.0,70300.0,18100.0,25400.0,63200.0,44900.0,2,7741,0.8646986469864698,,,7741,2025-10-03,21415.0,1.6810646742937196,7741,ＨＯＹＡ,True,False,精密機器
2025-10-10,77410,79700.0,69000.0,18800.0,21300.0,60900.0,47700.0,2,7741,0.8657465495608532,-1.9680196801967975,-1.849217638691325,7741,2025-10-10,21775.0,1.676234213547656,7741,ＨＯＹＡ,True,False,精密機器
2025-10-17,77410,82000.0,61500.0,19700.0,21800.0,62300.0,39700.0,2,7741,0.75,2.8858218318695172,-10.869565217391308,7741,2025-10-17,22140.0,3.8843721770551065,7741,ＨＯＹＡ,True,False,精密機器
2025-10-24,77410,92000.0,53200.0,20800.0,20400.0,71200.0,32800.0,2,7741,0.5782608695652174,12.195121951219525,-13.495934959349595,7741,2025-10-24,23000.0,9.065217391304348,7741,ＨＯＹＡ,True,False,精密機器
2025-10-31,77410,106800.0,56600.0,22400.0,20600.0,84400.0,36000.0,2,7741,0.5299625468164794,16.086956521739125,6.390977443609014,7741,2025-10-31,25085.0,1.415188359577435,7741,ＨＯＹＡ,True,False,精密機器
2025-11-07,77410,104700.0,63800.0,23400.0,20400.0,81300.0,43400.0,2,7741,0.609360076408787,-1.96629213483146,12.720848056537104,7741,2025-11-07,25440.0,-4.933176100628933,7741,ＨＯＹＡ,True,False,精密機器
2025-11-14,77410,87700.0,70500.0,19300.0,24400.0,68400.0,46100.0,2,7741,0.8038768529076397,-16.236867239732568,10.501567398119116,7741,2025-11-14,24185.0,-4.444903866032668,7741,ＨＯＹＡ,True,False,精密機器
2025-11-21,77410,79200.0,68500.0,15900.0,25100.0,63300.0,43400.0,2,7741,0.86489898989899,-9.692132269099208,-2.8368794326241176,7741,2025-11-21,23110.0,1.4712245781047129,7741,ＨＯＹＡ,True,False,精密機器
2025-10-03,79740,879200.0,4478300.0,251900.0,1160000.0,627300.0,3318300.0,2,7974,5.093607825295724,,,7974,2025-10-03,12660.0,-2.172195892575035,7974,任天堂,True,False,その他製品
2025-10-10,79740,549300.0,4464100.0,195500.0,1221500.0,353800.0,3242600.0,2,7974,8.126888767522301,-37.522747952684256,-0.3170846079985745,7974,2025-10-10,12385.0,0.6863140896245401,7974,任天堂,True,False,その他製品
2025-10-17,79740,529600.0,4645200.0,191100.0,1318400.0,338500.0,3326800.0,2,7974,8.771148036253777,-3.5863826688512623,4.056808763244546,7974,2025-10-17,12470.0,2.967121090617475,7974,任天堂,True,False,その他製品
2025-10-24,79740,471100.0,3940700.0,190800.0,1122000.0,280300.0,2818700.0,2,7974,8.364890681383995,-11.046072507552871,-15.166193059502287,7974,2025-10-24,12840.0,1.5965732087227513,7974,任天堂,True,False,その他製品
2025-10-31,79740,388100.0,3728000.0,180700.0,1066300.0,207400.0,2661700.0,2,7974,9.605771708322598,-17.618340055189986,-5.397518207425078,7974,2025-10-31,13045.0,6.592564200843243,7974,任天堂,True,False,その他製品
2025-11-07,79740,473700.0,2669500.0,185400.0,966100.0,288300.0,1703400.0,2,7974,5.635423263668989,22.05617108992528,-28.393240343347635,7974,2025-11-07,13905.0,-3.308162531463499,7974,任天堂,True,False,その他製品
2025-11-14,79740,443500.0,2786100.0,178800.0,964500.0,264700.0,1821600.0,2,7974,6.282074408117249,-6.3753430441207515,4.367859149653497,7974,2025-11-14,13445.0,-1.07846783190777,7974,任天堂,True,False,その他製品
2025-11-21,79740,435400.0,2607500.0,179800.0,859100.0,255600.0,1748400.0,2,7974,5.988745980707395,-1.8263810597519692,-6.410394458203228,7974,2025-11-21,13300.0,-0.15037593984962294,7974,任天堂,True,False,その他製品
2025-10-03,80010,261200.0,1028300.0,95900.0,521000.0,165300.0,507300.0,2,8001,3.936830015313935,,,8001,2025-10-03,8359.0,2.1533676277066593,8001,伊藤忠商事,True,True,卸売業
2025-10-10,80010,218700.0,900500.0,93100.0,465200.0,125600.0,435300.0,2,8001,4.1175125743026975,-16.27105666156202,-12.428279684916854,8001,2025-10-10,8539.0,-2.178241011828086,8001,伊藤忠商事,True,True,卸売業
2025-10-17,80010,207100.0,1025300.0,91900.0,511700.0,115200.0,513600.0,2,8001,4.950748430709802,-5.304069501600361,13.858967240421991,8001,2025-10-17,8353.0,4.752783431102592,8001,伊藤忠商事,True,True,卸売業
2025-10-24,80010,247300.0,745500.0,94500.0,425700.0,152800.0,319800.0,2,8001,3.014557217953902,19.410912602607432,-27.28957378328294,8001,2025-10-24,8750.0,2.0685714285714196,8001,伊藤忠商事,True,True,卸売業
2025-10-31,80010,241800.0,753200.0,97600.0,423500.0,144200.0,329700.0,2,8001,3.1149710504549213,-2.224019409623934,1.0328638497652642,8001,2025-10-31,8931.0,6.483036614040971,8001,伊藤忠商事,True,True,卸売業
2025-11-07,80010,275900.0,772500.0,96600.0,410600.0,179300.0,361900.0,2,8001,2.7999275099673793,14.102564102564097,2.562400424853961,8001,2025-11-07,9510.0,0.0,8001,伊藤忠商事,True,True,卸売業
2025-11-14,80010,270500.0,770800.0,96100.0,406800.0,174400.0,364000.0,2,8001,2.8495378927911275,-1.9572308807539016,-0.220064724919089,8001,2025-11-14,9510.0,-4.763406940063087,8001,伊藤忠商事,True,True,卸売業
2025-11-21,80010,263200.0,951400.0,89500.0,452100.0,173700.0,499300.0,2,8001,3.614741641337386,-2.6987060998151624,23.43020238713025,8001,2025-11-21,9057.0,3.3454786353096955,8001,伊藤忠商事,True,True,卸売業
2025-10-03,80310,397000.0,2018300.0,113500.0,1032700.0,283500.0,985600.0,2,8031,5.083879093198992,,,8031,2025-10-03,3657.0,1.5586546349466879,8031,三井物産,True,False,卸売業
2025-10-10,80310,391800.0,2005900.0,111900.0,1015300.0,279900.0,990600.0,2,8031,5.119703930576825,-1.3098236775818672,-0.6143784372987127,8031,2025-10-10,3714.0,-1.696284329563813,8031,三井物産,True,False,卸売業
2025-10-17,80310,403400.0,2177800.0,112700.0,1036100.0,290700.0,1141700.0,2,8031,5.398611799702529,2.9606942317508933,8.569719327982451,8031,2025-10-17,3651.0,3.5880580662832173,8031,三井物産,True,False,卸売業
2025-10-24,80310,434700.0,1675100.0,111300.0,912800.0,323400.0,762300.0,2,8031,3.853462157809984,7.759048091224585,-23.082927725227297,8031,2025-10-24,3782.0,0.5288207297726055,8031,三井物産,True,False,卸売業
2025-10-31,80310,401300.0,1715500.0,110800.0,866900.0,290500.0,848600.0,2,8031,4.274856715674059,-7.683459857372899,2.411796310668013,8031,2025-10-31,3802.0,5.99684376643872,8031,三井物産,True,False,卸売業
2025-11-07,80310,450400.0,1595400.0,122200.0,836100.0,328200.0,759300.0,2,8031,3.5421847246891653,12.2352354846748,-7.000874380647037,8031,2025-11-07,4030.0,1.8114143920595627,8031,三井物産,True,False,卸売業
2025-11-14,80310,451800.0,1551400.0,123400.0,837400.0,328400.0,714000.0,2,8031,3.433820274457725,0.3108348134991168,-2.757929046007268,8031,2025-11-14,4103.0,-2.8028271996100362,8031,三井物産,True,False,卸売業
2025-11-21,80310,378800.0,1733000.0,98100.0,860500.0,280700.0,872500.0,2,8031,4.574973600844773,-16.15759185480301,11.705556271754537,8031,2025-11-21,3988.0,3.9869608826479386,8031,三井物産,True,False,卸売業
2025-10-03,80350,644400.0,1758900.0,142500.0,908500.0,501900.0,850400.0,2,8035,2.72951582867784,,,8035,2025-10-03,28490.0,2.7729027729027633,8035,東京エレクトロン,True,True,電気機器
2025-10-10,80350,544000.0,1807300.0,126400.0,865900.0,417600.0,941400.0,2,8035,3.3222426470588236,-15.580384854127873,2.751719824890553,8035,2025-10-10,29280.0,2.732240437158473,8035,東京エレクトロン,True,True,電気機器
2025-10-17,80350,545500.0,1656900.0,130500.0,829100.0,415000.0,827800.0,2,8035,3.037396883593034,0.2757352941176405,-8.32180600896365,8035,2025-10-17,30080.0,0.6316489361702038,8035,東京エレクトロン,True,True,電気機器
2025-10-24,80350,535300.0,1702700.0,126800.0,810000.0,408500.0,892700.0,2,8035,3.1808331776573886,-1.869844179651692,2.764198201460566,8035,2025-10-24,30270.0,12.917079616782301,8035,東京エレクトロン,True,True,電気機器
2025-10-31,80350,595800.0,1408200.0,141300.0,677600.0,454500.0,730600.0,2,8035,2.363544813695871,11.30207360358677,-17.29605920009397,8035,2025-10-31,34180.0,-4.037448800468113,8035,東京エレクトロン,True,True,電気機器
2025-11-07,80350,503000.0,1526800.0,130500.0,726400.0,372500.0,800400.0,2,8035,3.0353876739562624,-15.575696542463913,8.4220991336458,8035,2025-11-07,32800.0,-2.896341463414631,8035,東京エレクトロン,True,True,電気機器
2025-11-14,80350,473800.0,1606500.0,124700.0,730700.0,349100.0,875800.0,2,8035,3.390671169269734,-5.805168986083498,5.220068116321719,8035,2025-11-14,31850.0,-5.243328100470956,8035,東京エレクトロン,True,True,電気機器
2025-11-21,80350,429800.0,1584200.0,116700.0,722900.0,313100.0,861300.0,2,8035,3.6859004187994415,-9.286618826509072,-1.3881107998755082,8035,2025-11-21,30180.0,5.367793240556651,8035,東京エレクトロン,True,True,電気機器
2025-10-03,80580,771300.0,4587400.0,248100.0,2329100.0,523200.0,2258300.0,2,8058,5.947620899779593,,,8058,2025-10-03,3492.0,2.4341351660939203,8058,三菱商事,True,True,卸売業
2025-10-10,80580,850300.0,4022000.0,246300.0,2199200.0,604000.0,1822800.0,2,8058,4.730095260496295,10.242447815376645,-12.325064306578891,8058,2025-10-10,3577.0,-0.2236511042773226,8058,三菱商事,True,True,卸売業
2025-10-17,80580,915100.0,3961000.0,253200.0,2119600.0,661900.0,1841400.0,2,8058,4.328488689760682,7.620839703634008,-1.5166583789159582,8058,2025-10-17,3569.0,3.166152984029136,8058,三菱商事,True,True,卸売業
2025-10-24,80580,971400.0,3672300.0,253500.0,2000500.0,717900.0,1671800.0,2,8058,3.780420012353305,6.152333078352101,-7.288563494067157,8058,2025-10-24,3682.0,0.8147745790331395,8058,三菱商事,True,True,卸売業
2025-10-31,80580,965600.0,3791400.0,262100.0,1950600.0,703500.0,1840800.0,2,8058,3.926470588235294,-0.5970763845995486,3.24319908504207,8058,2025-10-31,3712.0,-2.0204741379310387,8058,三菱商事,True,True,卸売業
2025-11-07,80580,865600.0,3942100.0,253100.0,2002900.0,612500.0,1939200.0,2,8058,4.554182070240295,-10.356255178127594,3.974785039826978,8058,2025-11-07,3637.0,3.1069562826505415,8058,三菱商事,True,True,卸売業
2025-11-14,80580,876300.0,3666900.0,268700.0,1864300.0,607600.0,1802600.0,2,8058,4.184525847312564,1.236136783733821,-6.981050709012959,8058,2025-11-14,3750.0,-2.4533333333333296,8058,三菱商事,True,True,卸売業
2025-11-21,80580,1042200.0,3741000.0,265000.0,1957900.0,777200.0,1783100.0,2,8058,3.589522164651698,18.931872646353987,2.0207804957866227,8058,2025-11-21,3658.0,1.2028430836522608,8058,三菱商事,True,True,卸売業
2025-10-03,83060,4032300.0,33618900.0,869600.0,14799600.0,3162700.0,18819300.0,2,8306,8.337400491034893,,,8306,2025-10-03,2313.0,-1.2105490704712452,8306,三菱ＵＦＪフィナンシャル・グループ,True,False,銀行業
2025-10-10,83060,3651100.0,34940100.0,819600.0,16056100.0,2831500.0,18884000.0,2,8306,9.56974610391389,-9.453661681918511,3.9299322702408546,8306,2025-10-10,2285.0,-2.297592997811815,8306,三菱ＵＦＪフィナンシャル・グループ,True,False,銀行業
2025-10-17,83060,3258900.0,38027000.0,821700.0,16961200.0,2437200.0,21065800.0,2,8306,11.668661204700973,-10.74196817397497,8.83483447385669,8306,2025-10-17,2232.5,0.06718924972004547,8306,三菱ＵＦＪフィナンシャル・グループ,True,False,銀行業
2025-10-24,83060,2954800.0,43848100.0,785200.0,18859700.0,2169600.0,24988400.0,2,8306,14.83961689454447,-9.331369480499552,15.307807610382106,8306,2025-10-24,2234.0,4.29722470904208,8306,三菱ＵＦＪフィナンシャル・グループ,True,False,銀行業
2025-10-31,83060,3184100.0,35246800.0,803800.0,16636000.0,2380300.0,18610800.0,2,8306,11.069627210200684,7.760254501150676,-19.616129319172327,8306,2025-10-31,2330.0,-0.6652360515021494,8306,三菱ＵＦＪフィナンシャル・グループ,True,False,銀行業
2025-11-07,83060,2764700.0,35944400.0,817000.0,16825200.0,1947700.0,19119200.0,2,8306,13.001193619560892,-13.171696868816928,1.979186763053664,8306,2025-11-07,2314.5,5.897602073882058,8306,三菱ＵＦＪフィナンシャル・グループ,True,False,銀行業
2025-11-14,83060,3828300.0,31830500.0,893100.0,15896800.0,2935200.0,15933700.0,2,8306,8.314526029830473,38.470720150468395,-11.44517643916716,8306,2025-11-14,2451.0,-2.692778457772338,8306,三菱ＵＦＪフィナンシャル・グループ,True,False,銀行業
2025-11-21,83060,3245800.0,34094300.0,914300.0,16886000.0,2331500.0,17208300.0,2,8306,10.504128412101792,-15.215630958911264,7.112046621950641,8306,2025-11-21,2385.0,1.6142557651991574,8306,三菱ＵＦＪフィナンシャル・グループ,True,False,銀行業
2025-10-03,83160,793900.0,12229300.0,197900.0,6532700.0,596000.0,5696600.0,2,8316,15.40408111852878,,,8316,2025-10-03,4048.0,-1.4081027667984136,8316,三井住友フィナンシャルグループ,True,False,銀行業
2025-10-10,83160,618700.0,12725600.0,180600.0,6656600.0,438100.0,6069000.0,2,8316,20.568288346533052,-22.068270563043203,4.058286246964249,8316,2025-10-10,3991.0,-2.28013029315961,8316,三井住友フィナンシャルグループ,True,False,銀行業
2025-10-17,83160,644500.0,14096100.0,190600.0,7171500.0,453900.0,6924600.0,2,8316,21.871373157486424,4.1700339421367305,10.769629722763565,8316,2025-10-17,3900.0,3.410256410256407,8316,三井住友フィナンシャルグループ,True,False,銀行業
2025-10-24,83160,645200.0,13256100.0,195800.0,7022300.0,449400.0,6233800.0,2,8316,20.5457222566646,0.1086113266097754,-5.95909506884883,8316,2025-10-24,4033.0,3.223406893131653,8316,三井住友フィナンシャルグループ,True,False,銀行業
2025-10-31,83160,709500.0,11975300.0,180500.0,6719100.0,529000.0,5256200.0,2,8316,16.878505990133895,9.96590204587724,-9.66196694352034,8316,2025-10-31,4163.0,-0.024021138601970637,8316,三井住友フィナンシャルグループ,True,False,銀行業
2025-11-07,83160,721800.0,11479300.0,248500.0,6471400.0,473300.0,5007900.0,2,8316,15.90371293987254,1.7336152219873169,-4.141858659073261,8316,2025-11-07,4162.0,4.036520903411822,8316,三井住友フィナンシャルグループ,True,False,銀行業
2025-11-14,83160,931500.0,11667100.0,262700.0,6515900.0,668800.0,5151200.0,2,8316,12.525067096081589,29.05236907730673,1.6359882571236994,8316,2025-11-14,4330.0,2.748267898383361,8316,三井住友フィナンシャルグループ,True,False,銀行業
2025-11-21,83160,1059600.0,11366300.0,182500.0,6190700.0,877100.0,5175600.0,2,8316,10.726972442431109,13.752012882447673,-2.5781899529446095,8316,2025-11-21,4449.0,5.596763317599462,8316,三井住友フィナンシャルグループ,True,False,銀行業
2025-10-03,84110,822500.0,7161300.0,133400.0,3508400.0,689100.0,3652900.0,2,8411,8.706747720364742,,,8411,2025-10-03,4800.0,-0.9166666666666656,8411,みずほフィナンシャルグループ,True,False,銀行業
2025-10-10,84110,751900.0,7324600.0,127300.0,3597000.0,624600.0,3727600.0,2,8411,9.74145498071552,-8.583586626139816,2.280312233812287,8411,2025-10-10,4756.0,-3.9318755256518068,8411,みずほフィナンシャルグループ,True,False,銀行業
2025-10-17,84110,1059100.0,8474400.0,134000.0,3988700.0,925100.0,4485700.0,2,8411,8.001510716646209,40.856496874584394,15.697785544603128,8411,2025-10-17,4569.0,6.916174217553084,8411,みずほフィナンシャルグループ,True,False,銀行業
2025-10-24,84110,1160500.0,6652000.0,149500.0,3286900.0,1011000.0,3365100.0,2,8411,5.732012063765619,9.574166745349832,-21.504767299159823,8411,2025-10-24,4885.0,5.404298874104407,8411,みずほフィナンシャルグループ,True,False,銀行業
2025-10-31,84110,1314500.0,5605300.0,164900.0,2844900.0,1149600.0,2760400.0,2,8411,4.264206922784329,13.27014218009479,-15.735117257967524,8411,2025-10-31,5149.0,-2.000388424936883,8411,みずほフィナンシャルグループ,True,False,銀行業
2025-11-07,84110,1219900.0,6275400.0,144000.0,3068900.0,1075900.0,3206500.0,2,8411,5.144192146897287,-7.196652719665275,11.954757104882871,8411,2025-11-07,5046.0,5.033690051525963,8411,みずほフィナンシャルグループ,True,False,銀行業
2025-11-14,84110,1402700.0,6008900.0,156800.0,3023600.0,1245900.0,2985300.0,2,8411,4.283809795394596,14.984834822526436,-4.246741243586061,8411,2025-11-14,5300.0,-2.584905660377357,8411,みずほフィナンシャルグループ,True,False,銀行業
2025-11-21,84110,1138100.0,6547300.0,176000.0,3179100.0,962100.0,3368200.0,2,8411,5.7528336701520075,-18.863620161117844,8.960042603471518,8411,2025-11-21,5163.0,6.00426108851444,8411,みずほフィナンシャルグループ,True,False,銀行業
2025-10-03,87290,21000.0,141544100.0,21000.0,73764100.0,0.0,67780000.0,1,8729,6740.195238095238,,,8729,2025-10-03,145.3000030517578,6.33172522712544,8729,ソニーフィナンシャルグループ,True,False,保険業
2025-10-10,87290,20200.0,158621200.0,20200.0,97730600.0,0.0,60890600.0,1,8729,7852.534653465346,-3.809523809523807,12.064861763930825,8729,2025-10-10,154.5,-0.6472491909385147,8729,ソニーフィナンシャルグループ,True,False,保険業
2025-10-17,87290,46800.0,165242900.0,46800.0,105776000.0,0.0,59466900.0,1,8729,3530.8311965811968,131.68316831683163,4.174536568882337,8729,2025-10-17,153.5,-2.0195479501730507,8729,ソニーフィナンシャルグループ,True,False,保険業
2025-10-24,87290,2300.0,181348500.0,2300.0,112483300.0,0.0,68865200.0,1,8729,78847.17391304347,-95.08547008547008,9.746621488729623,8729,2025-10-24,150.39999389648438,3.324468220019572,8729,ソニーフィナンシャルグループ,True,False,保険業
2025-10-31,87290,22000.0,165602500.0,22000.0,107031000.0,0.0,58571500.0,1,8729,7527.386363636364,856.5217391304348,-8.682729661397804,8729,2025-10-31,155.39999389648438,-2.25225234071208,8729,ソニーフィナンシャルグループ,True,False,保険業
2025-11-07,87290,11400.0,163289600.0,11400.0,104808100.0,0.0,58481500.0,1,8729,14323.649122807015,-48.18181818181818,-1.3966576591536994,8729,2025-11-07,151.89999389648438,1.6458196843007755,8729,ソニーフィナンシャルグループ,True,False,保険業
2025-11-14,87290,28100.0,154814700.0,28100.0,100088700.0,0.0,54726000.0,1,8729,5509.419928825623,146.49122807017542,-5.1901039625303795,8729,2025-11-14,154.39999389648438,-3.6917080139677205,8729,ソニーフィナンシャルグループ,True,False,保険業
2025-11-21,87290,21000.0,159604800.0,21000.0,100901700.0,0.0,58703100.0,1,8729,7600.228571428572,-25.266903914590745,3.0940860267145265,8729,2025-11-21,148.6999969482422,-0.6052413684968894,8729,ソニーフィナンシャルグループ,True,False,保険業
2025-10-03,87660,212500.0,1687900.0,73400.0,680500.0,139100.0,1007400.0,2,8766,7.9430588235294115,,,8766,2025-10-03,6150.0,2.894308943089441,8766,東京海上ホールディングス,True,False,保険業
2025-10-10,87660,254200.0,1358600.0,74200.0,647900.0,180000.0,710700.0,2,8766,5.3446105428796225,19.623529411764707,-19.50944961194384,8766,2025-10-10,6328.0,-5.578381795195952,8766,東京海上ホールディングス,True,False,保険業
2025-10-17,87660,256100.0,2211100.0,73500.0,918300.0,182600.0,1292800.0,2,8766,8.63373682155408,0.7474429583005593,62.74841748859119,8766,2025-10-17,5975.0,-0.5690376569037703,8766,東京海上ホールディングス,True,False,保険業
2025-10-24,87660,243100.0,2475100.0,71300.0,1028900.0,171800.0,1446200.0,2,8766,10.181406828465652,-5.076142131979699,11.939758491248709,8766,2025-10-24,5941.0,-2.6763171183302514,8766,東京海上ホールディングス,True,False,保険業
2025-10-31,87660,257900.0,2864700.0,70600.0,1218500.0,187300.0,1646200.0,2,8766,11.10779371849554,6.088029617441393,15.740778150377754,8766,2025-10-31,5782.0,0.9858180560359697,8766,東京海上ホールディングス,True,False,保険業
2025-11-07,87660,262000.0,2769300.0,65300.0,1187600.0,196700.0,1581700.0,2,8766,10.569847328244276,1.5897634742148226,-3.3301916431039857,8766,2025-11-07,5839.0,1.4214762801849634,8766,東京海上ホールディングス,True,False,保険業
2025-11-14,87660,258900.0,2749000.0,66700.0,1229300.0,192200.0,1519700.0,2,8766,10.617999227500963,-1.183206106870227,-0.7330372296248111,8766,2025-11-14,5922.0,-6.43363728470111,8766,東京海上ホールディングス,True,False,保険業
2025-11-21,87660,217500.0,3955500.0,38000.0,1727600.0,179500.0,2227900.0,2,8766,18.186206896551724,-15.990730011587484,43.88868679519826,8766,2025-11-21,5541.0,-0.5775130842808118,8766,東京海上ホールディングス,True,False,保険業
2025-10-03,90050,169400.0,203700.0,74700.0,87400.0,94700.0,116300.0,2,9005,1.2024793388429753,,,9005,2025-10-03,1773.0,-2.030456852791873,9005,東急,False,True,陸運業
2025-10-10,90050,155900.0,398600.0,88800.0,158400.0,67100.0,240200.0,2,9005,2.5567671584348943,-7.969303423848883,95.67992145311732,9005,2025-10-10,1737.0,-1.6983304548071398,9005,東急,False,True,陸運業
2025-10-17,90050,156100.0,491800.0,96500.0,206000.0,59600.0,285800.0,2,9005,3.150544522741832,0.128287363694679,23.38183642749623,9005,2025-10-17,1707.5,1.4055636896046941,9005,東急,False,True,陸運業
2025-10-24,90050,158200.0,503700.0,101900.0,223800.0,56300.0,279900.0,2,9005,3.1839443742098608,1.3452914798206317,2.419682797885314,9005,2025-10-24,1731.5,-0.8951775916835158,9005,東急,False,True,陸運業
2025-10-31,90050,200500.0,517200.0,147400.0,232400.0,53100.0,284800.0,2,9005,2.5795511221945135,26.738305941845763,2.6801667659321016,9005,2025-10-31,1716.0,0.9906759906759932,9005,東急,False,True,陸運業
2025-11-07,90050,191600.0,510100.0,140000.0,224200.0,51600.0,285900.0,2,9005,2.6623173277661794,-4.4389027431421475,-1.3727764887857652,9005,2025-11-07,1733.0,1.3560300057703367,9005,東急,False,True,陸運業
2025-11-14,90050,228500.0,338200.0,137800.0,159300.0,90700.0,178900.0,2,9005,1.4800875273522975,19.258872651356995,-33.69927465202901,9005,2025-11-14,1756.5,3.7290065471107248,9005,東急,False,True,陸運業
2025-11-21,90050,246400.0,223300.0,95200.0,124100.0,151200.0,99200.0,2,9005,0.90625,7.833698030634584,-33.97397989355411,9005,2025-11-21,1822.0,0.05488474204171645,9005,東急,False,True,陸運業
2025-10-03,90210,53900.0,2034400.0,21900.0,1746700.0,32000.0,287700.0,2,9021,37.74397031539889,,,9021,2025-10-03,3179.0,-2.264863164517139,9021,JR西日本,False,True,陸運業
2025-10-10,90210,47200.0,2202000.0,18500.0,1826100.0,28700.0,375900.0,2,9021,46.65254237288136,-12.430426716140996,8.238301219032639,9021,2025-10-10,3107.0,2.993241068554875,9021,JR西日本,False,True,陸運業
2025-10-17,90210,36600.0,2131600.0,7700.0,1833900.0,28900.0,297700.0,2,9021,58.240437158469945,-22.457627118644066,-3.1970935513169874,9021,2025-10-17,3200.0,0.6562500000000027,9021,JR西日本,False,True,陸運業
2025-10-24,90210,38100.0,2142000.0,7700.0,1827900.0,30400.0,314100.0,2,9021,56.22047244094488,4.098360655737698,0.4878964158378629,9021,2025-10-24,3221.0,-1.862775535547967,9021,JR西日本,False,True,陸運業
2025-10-31,90210,36900.0,2180400.0,7400.0,1849700.0,29500.0,330700.0,2,9021,59.08943089430894,-3.149606299212604,1.7927170868347275,9021,2025-10-31,3161.0,-2.1828535273647587,9021,JR西日本,False,True,陸運業
2025-11-07,90210,35500.0,2571800.0,5900.0,2149500.0,29600.0,422300.0,2,9021,72.44507042253521,-3.7940379403794022,17.95083470922767,9021,2025-11-07,3092.0,-0.48512289780077156,9021,JR西日本,False,True,陸運業
2025-11-14,90210,38000.0,2860800.0,7200.0,2393000.0,30800.0,467800.0,2,9021,75.28421052631579,7.042253521126751,11.237265728283695,9021,2025-11-14,3077.0,1.7224569385765331,9021,JR西日本,False,True,陸運業
2025-11-21,90210,33800.0,2842500.0,7500.0,2455100.0,26300.0,387400.0,2,9021,84.09763313609467,-11.05263157894737,-0.6396812080536884,9021,2025-11-21,3130.0,-0.7028753993610248,9021,JR西日本,False,True,陸運業
2025-10-03,90220,272400.0,385900.0,68800.0,185200.0,203600.0,200700.0,2,9022,1.4166666666666667,,,9022,2025-10-03,4238.0,0.8022652194431323,9022,JR東海,False,True,陸運業
2025-10-10,90220,264500.0,386800.0,70100.0,189900.0,194400.0,196900.0,2,9022,1.462381852551985,-2.900146842878115,0.2332210417206548,9022,2025-10-10,4272.0,-1.1704119850187267,9022,JR東海,False,True,陸運業
2025-10-17,90220,254600.0,386800.0,69700.0,183900.0,184900.0,202900.0,2,9022,1.5192458758837393,-3.742911153119088,0.0,9022,2025-10-17,4222.0,-0.8053055423969724,9022,JR東海,False,True,陸運業
2025-10-24,90220,259200.0,378400.0,70300.0,180400.0,188900.0,198000.0,2,9022,1.4598765432098766,1.806755695208162,-2.171664943123064,9022,2025-10-24,4188.0,-10.076408787010504,9022,JR東海,False,True,陸運業
2025-10-31,90220,182900.0,622000.0,57700.0,236400.0,125200.0,385600.0,2,9022,3.400765445598688,-29.436728395061728,64.37632135306555,9022,2025-10-31,3766.0,8.815719596388739,9022,JR東海,False,True,陸運業
2025-11-07,90220,194100.0,497000.0,62800.0,192600.0,131300.0,304400.0,2,9022,2.56053580628542,6.123564789502467,-20.096463022508036,9022,2025-11-07,4098.0,0.9272816007808604,9022,JR東海,False,True,陸運業
2025-11-14,90220,202300.0,453400.0,60500.0,187900.0,141800.0,265500.0,2,9022,2.241225902125556,4.224626481195259,-8.772635814889341,9022,2025-11-14,4136.0,-1.1121856866537772,9022,JR東海,False,True,陸運業
2025-11-21,90220,200400.0,462300.0,59500.0,189700.0,140900.0,272600.0,2,9022,2.30688622754491,-0.9391992090953982,1.9629466254962535,9022,2025-11-21,4090.0,4.352078239608792,9022,JR東海,False,True,陸運業
2025-10-03,94320,5586500.0,137251800.0,1175900.0,67593800.0,4410600.0,69658000.0,2,9432,24.568477579880067,,,9432,2025-10-03,154.60000610351562,-1.1642968827262457,9432,ＮＴＴ,True,False,情報･通信業
2025-10-10,94320,5099800.0,161439000.0,1249100.0,77683500.0,3850700.0,83755500.0,2,9432,31.65594729205067,-8.712073749216865,17.6225011256683,9432,2025-10-10,152.8000030517578,3.599476367900989,9432,ＮＴＴ,True,False,情報･通信業
2025-10-17,94320,7900300.0,128143200.0,1245700.0,66568100.0,6654600.0,61575100.0,2,9432,16.22004227687556,54.913918192870305,-20.624384442420972,9432,2025-10-17,158.3000030517578,0.9475678907659546,9432,ＮＴＴ,True,False,情報･通信業
2025-10-24,94320,8216800.0,115689700.0,1674700.0,60126100.0,6542100.0,55563600.0,2,9432,14.079653879855904,4.006176980620979,-9.71842438771624,9432,2025-10-24,159.8000030517578,-0.8761008313748153,9432,ＮＴＴ,True,False,情報･通信業
2025-10-31,94320,6954000.0,112044500.0,1104500.0,58444700.0,5849500.0,53599800.0,2,9432,16.112237561115904,-15.3685132898452,-3.1508422962459037,9432,2025-10-31,158.39999389648438,-4.5454527939864935,9432,ＮＴＴ,True,False,情報･通信業
2025-11-07,94320,4308300.0,167667500.0,593600.0,81453600.0,3714700.0,86213900.0,2,9432,38.917322377736,-38.04572907679034,49.643668363908986,9432,2025-11-07,151.1999969482422,0.0,9432,ＮＴＴ,True,False,情報･通信業
2025-11-14,94320,4685600.0,190242000.0,882000.0,93108700.0,3803600.0,97133300.0,2,9432,40.601417107734335,8.757514564909584,13.463849583252577,9432,2025-11-14,151.1999969482422,1.9841270241737874,9432,ＮＴＴ,True,False,情報･通信業
2025-11-21,94320,5430600.0,133874000.0,1198600.0,59558600.0,4232000.0,74315400.0,2,9432,24.651788016057157,15.899778043366908,-29.629629629629623,9432,2025-11-21,154.1999969482422,1.0376174676920868,9432,ＮＴＴ,True,False,情報･通信業
2025-10-03,94330,223600.0,4564800.0,163700.0,1459000.0,59900.0,3105800.0,2,9433,20.415026833631483,,,9433,2025-10-03,2346.0,0.36231884057971175,9433,ＫＤＤＩ,True,False,情報･通信業
2025-10-10,94330,218500.0,4397800.0,169400.0,1457200.0,49100.0,2940600.0,2,9433,20.127231121281465,-2.280858676207509,-3.658429723098489,9433,2025-10-10,2354.5,0.573370142280738,9433,ＫＤＤＩ,True,False,情報･通信業
2025-10-17,94330,234100.0,4310200.0,170000.0,1471400.0,64100.0,2838800.0,2,9433,18.411789833404526,7.139588100686489,-1.9919050434308083,9433,2025-10-17,2368.0,2.787162162162171,9433,ＫＤＤＩ,True,False,情報･通信業
2025-10-24,94330,248200.0,3647300.0,171200.0,1287500.0,77000.0,2359800.0,2,9433,14.695004029008864,6.023067065356691,-15.379796761171171,9433,2025-10-24,2434.0,1.129827444535736,9433,ＫＤＤＩ,True,False,情報･通信業
2025-10-31,94330,248000.0,3123100.0,176300.0,1080900.0,71700.0,2042200.0,2,9433,12.593145161290323,-0.0805801772763903,-14.372275381789269,9433,2025-10-31,2461.5,4.8344505382896585,9433,ＫＤＤＩ,True,False,情報･通信業
2025-11-07,94330,329200.0,1892500.0,203000.0,661900.0,126200.0,1230600.0,2,9433,5.748784933171325,32.74193548387097,-39.40315711952868,9433,2025-11-07,2580.5,2.673900406897878,9433,ＫＤＤＩ,True,False,情報･通信業
2025-11-14,94330,386900.0,1301700.0,211600.0,441400.0,175300.0,860300.0,2,9433,3.364435254587749,17.527339003645203,-31.21796565389696,9433,2025-11-14,2649.5,2.6042649556520026,9433,ＫＤＤＩ,True,False,情報･通信業
2025-11-21,94330,369200.0,976600.0,122700.0,377000.0,246500.0,599600.0,2,9433,2.6451787648970746,-4.574825536314298,-24.97503264961205,9433,2025-11-21,2718.5,-1.066764759977934,9433,ＫＤＤＩ,True,False,情報･通信業
2025-10-03,94340,740700.0,46928300.0,176800.0,22624800.0,563900.0,24303500.0,2,9434,63.356689617928986,,,9434,2025-10-03,214.3000030517578,0.2799770584145378,9434,ソフトバンク,True,False,情報･通信業
2025-10-10,94340,708600.0,46055800.0,216200.0,22898700.0,492400.0,23157100.0,2,9434,64.99548405306237,-4.333738355609562,-1.8592192770673588,9434,2025-10-10,214.89999389648438,0.27920247582913227,9434,ソフトバンク,True,False,情報･通信業
2025-10-17,94340,666900.0,46572600.0,183900.0,23288300.0,483000.0,23284300.0,2,9434,69.83445793972109,-5.884843353090597,1.1221170840588934,9434,2025-10-17,215.5,1.1600928074245953,9434,ソフトバンク,True,False,情報･通信業
2025-10-24,94340,1415100.0,44316500.0,708400.0,23380000.0,706700.0,20936500.0,2,9434,31.31686806586107,112.19073324336485,-4.8442646534657685,9434,2025-10-24,218.0,0.32109951754228927,9434,ソフトバンク,True,False,情報･通信業
2025-10-31,94340,653700.0,43617600.0,172900.0,23918300.0,480800.0,19699300.0,2,9434,66.72418540614962,-53.80538477846088,-1.577064975799081,9434,2025-10-31,218.6999969482422,0.0914480800333628,9434,ソフトバンク,True,False,情報･通信業
2025-11-07,94340,732300.0,44346100.0,123100.0,24191700.0,609200.0,20154400.0,2,9434,60.55728526560153,12.023864157870578,1.6701973515278246,9434,2025-11-07,218.89999389648438,1.598903653535566,9434,ソフトバンク,True,False,情報･通信業
2025-11-14,94340,1216700.0,40906100.0,79600.0,22872300.0,1137100.0,18033800.0,2,9434,33.62053094435769,66.14775365287451,-7.757164666114946,9434,2025-11-14,222.39999389648438,5.0359768500013,9434,ソフトバンク,True,False,情報･通信業
2025-11-21,94340,1503100.0,34564200.0,543000.0,19624500.0,960100.0,14939700.0,2,9434,22.995276428713993,23.539081121065173,-15.503555704405947,9434,2025-11-21,233.60000610351562,-4.452058597406394,9434,ソフトバンク,True,False,情報･通信業
2025-10-03,95010,9049800.0,80160000.0,1857500.0,21515800.0,7192300.0,58644200.0,2,9501,8.857654312802493,,,9501,2025-10-03,697.5,9.462365591397859,9501,東京電力ホールディングス,False,True,電気・ガス業
2025-10-10,95010,8900300.0,81288700.0,1872100.0,21005400.0,7028200.0,60283300.0,2,9501,9.133253935260608,-1.6519702092863908,1.408058882235519,9501,2025-10-10,763.5,3.4708578912901134,9501,東京電力ホールディングス,False,True,電気・ガス業
2025-10-17,95010,10147900.0,80238900.0,1884200.0,21506400.0,8263700.0,58732500.0,2,9501,7.906946264744429,14.017505027920407,-1.291446412601016,9501,2025-10-17,790.0,-5.202528555181962,9501,東京電力ホールディングス,False,True,電気・ガス業
2025-10-24,95010,9167700.0,85425800.0,1760900.0,22506500.0,7406800.0,62919300.0,2,9501,9.318127774687216,-9.659141300170482,6.464320921647726,9501,2025-10-24,748.9000244140625,3.097870265130065,9501,東京電力ホールディングス,False,True,電気・ガス業
2025-10-31,95010,7371500.0,84802800.0,1714300.0,21777200.0,5657200.0,63025600.0,2,9501,11.504144339686633,-19.592700459220957,-0.7292878732186314,9501,2025-10-31,772.0999755859375,9.31226870710602,9501,東京電力ホールディングス,False,True,電気・ガス業
2025-11-07,95010,8423500.0,80001900.0,1659900.0,19995400.0,6763600.0,60006500.0,2,9501,9.497465424111118,14.271179542833876,-5.661251751121421,9501,2025-11-07,844.0,4.028436018957349,9501,東京電力ホールディングス,False,True,電気・ガス業
2025-11-14,95010,8266100.0,86105500.0,1638600.0,19692900.0,6627500.0,66412600.0,2,9501,10.41670195134344,-1.868581943372705,7.629318803678409,9501,2025-11-14,878.0,-6.84509972504983,9501,東京電力ホールディングス,False,True,電気・ガス業
2025-11-21,95010,6632100.0,94049800.0,1380700.0,22922500.0,5251400.0,71127300.0,2,9501,14.180998477103785,-19.767484061407437,9.226239903374346,9501,2025-11-21,817.9000244140625,-3.0443848478792668,9501,東京電力ホールディングス,False,True,電気・ガス業
2025-10-03,95030,161500.0,2820200.0,44500.0,973800.0,117000.0,1846400.0,2,9503,17.462538699690402,,,9503,2025-10-03,2104.5,4.3953433119505725,9503,関西電力,False,True,電気・ガス業
2025-10-10,95030,175200.0,2637800.0,48600.0,854000.0,126600.0,1783800.0,2,9503,15.05593607305936,8.48297213622291,-6.467626409474503,9503,2025-10-10,2197.0,2.9358215748748195,9503,関西電力,False,True,電気・ガス業
2025-10-17,95030,203900.0,2581300.0,60200.0,833000.0,143700.0,1748300.0,2,9503,12.659637076998528,16.381278538812793,-2.141936462203353,9503,2025-10-17,2261.5,0.7074950254255974,9503,関西電力,False,True,電気・ガス業
2025-10-24,95030,259300.0,2567400.0,59600.0,870600.0,199700.0,1696800.0,2,9503,9.901272657153877,27.170181461500743,-0.5384883585790146,9503,2025-10-24,2277.5,5.708013172338089,9503,関西電力,False,True,電気・ガス業
2025-10-31,95030,395100.0,2145100.0,70100.0,703000.0,325000.0,1442100.0,2,9503,5.42925841559099,52.37177015040493,-16.44854716834151,9503,2025-10-31,2407.5,-1.349948078920038,9503,関西電力,False,True,電気・ガス業
2025-11-07,95030,328100.0,2049400.0,56600.0,737200.0,271500.0,1312200.0,2,9503,6.246266382200549,-16.957732219691213,-4.461330474103775,9503,2025-11-07,2375.0,6.147368421052635,9503,関西電力,False,True,電気・ガス業
2025-11-14,95030,358300.0,2006500.0,56100.0,765400.0,302200.0,1241100.0,2,9503,5.600055819145967,9.204510819871992,-2.0932955987118196,9503,2025-11-14,2521.0,0.8528361761205971,9503,関西電力,False,True,電気・ガス業
2025-11-21,95030,327300.0,1895900.0,60000.0,740500.0,267300.0,1155400.0,2,9503,5.79254506568897,-8.65196762489534,-5.512085721405436,9503,2025-11-21,2542.5,4.975417895771872,9503,関西電力,False,True,電気・ガス業
2025-10-03,95130,44600.0,1372200.0,3800.0,910400.0,40800.0,461800.0,2,9513,30.766816143497756,,,9513,2025-10-03,2753.5,1.1439985473034264,9513,電源開発,False,True,電気・ガス業
2025-10-10,95130,45000.0,1434700.0,5000.0,939400.0,40000.0,495300.0,2,9513,31.88222222222222,0.8968609865470878,4.554729631249099,9513,2025-10-10,2785.0,4.201077199281866,9513,電源開発,False,True,電気・ガス業
2025-10-17,95130,59100.0,1508700.0,5000.0,977400.0,54100.0,531300.0,2,9513,25.527918781725887,31.333333333333325,5.15787272600543,9513,2025-10-17,2902.0,4.445210199862171,9513,電源開発,False,True,電気・ガス業
2025-10-24,95130,67000.0,1597500.0,4800.0,1019900.0,62200.0,577600.0,2,9513,23.84328358208955,13.367174280879857,5.88586200039769,9513,2025-10-24,3031.0,-3.315737380402506,9513,電源開発,False,True,電気・ガス業
2025-10-31,95130,60600.0,1524400.0,5400.0,893000.0,55200.0,631400.0,2,9513,25.155115511551156,-9.552238805970148,-4.575899843505482,9513,2025-10-31,2930.5,-2.5592902235113457,9513,電源開発,False,True,電気・ガス業
2025-11-07,95130,46300.0,1654400.0,3900.0,1055900.0,42400.0,598500.0,2,9513,35.73218142548596,-23.5973597359736,8.527945421149298,9513,2025-11-07,2855.5,2.959201540886003,9513,電源開発,False,True,電気・ガス業
2025-11-14,95130,44200.0,1678500.0,4500.0,1104300.0,39700.0,574200.0,2,9513,37.97511312217195,-4.535637149028082,1.4567214700193398,9513,2025-11-14,2940.0,1.3605442176870763,9513,電源開発,False,True,電気・ガス業
2025-11-21,95130,42500.0,1568600.0,4200.0,1088100.0,38300.0,480500.0,2,9513,36.908235294117645,-3.846153846153843,-6.547512660113197,9513,2025-11-21,2980.0,5.604026845637589,9513,電源開発,False,True,電気・ガス業
2025-10-03,99830,265100.0,748800.0,83200.0,221600.0,181900.0,527200.0,2,9983,2.824594492644285,,,9983,2025-10-03,45460.0,13.28640563132424,9983,ファーストリテイリング,True,False,小売業
2025-10-10,99830,410600.0,217300.0,99800.0,83600.0,310800.0,133700.0,2,9983,0.5292255236239649,54.88494907582045,-70.98023504273505,9983,2025-10-10,51500.0,0.15533980582524975,9983,ファーストリテイリング,True,False,小売業
2025-10-17,99830,378600.0,198700.0,99900.0,79800.0,278700.0,118900.0,2,9983,0.5248283148441627,-7.793472966390647,-8.55959502991256,9983,2025-10-17,51580.0,7.289647150058154,9983,ファーストリテイリング,True,False,小売業
2025-10-24,99830,522200.0,124700.0,120200.0,49800.0,402000.0,74900.0,2,9983,0.2387973956338567,37.92921288959323,-37.24207347760443,9983,2025-10-24,55340.0,2.3852547885796938,9983,ファーストリテイリング,True,False,小売業
2025-10-31,99830,472400.0,128500.0,121400.0,42300.0,351000.0,86200.0,2,9983,0.2720152413209145,-9.536576024511678,3.047313552526054,9983,2025-10-31,56660.0,0.9707024355806615,9983,ファーストリテイリング,True,False,小売業
2025-11-07,99830,472400.0,124900.0,122800.0,42800.0,349600.0,82100.0,2,9983,0.2643945808636748,0.0,-2.801556420233464,9983,2025-11-07,57210.0,-1.2410417759132986,9983,ファーストリテイリング,True,False,小売業
2025-11-14,99830,451700.0,177700.0,124600.0,57000.0,327100.0,120700.0,2,9983,0.3934027009076821,-4.381879762912789,42.27381905524419,9983,2025-11-14,56500.0,-3.0088495575221197,9983,ファーストリテイリング,True,False,小売業
2025-11-21,99830,379400.0,201400.0,112000.0,71700.0,267400.0,129700.0,2,9983,0.5308381655245124,-16.00619880451627,13.337084974676428,9983,2025-11-21,54800.0,4.270072992700724,9983,ファーストリテイリング,True,False,小売業
2025-10-03,99840,5483900.0,4687500.0,1849800.0,1485900.0,3634100.0,3201600.0,2,9984,0.8547748864858951,,,9984,2025-10-03,19980.0,11.336336336336327,9984,ソフトバンクグループ,True,True,情報･通信業
2025-10-10,99840,4548400.0,5461400.0,1435700.0,1750000.0,3112700.0,3711400.0,2,9984,1.2007299270072993,-17.059027334561172,16.509866666666674,9984,2025-10-10,22245.0,3.5288828950325923,9984,ソフトバンクグループ,True,True,情報･通信業
2025-10-17,99840,4446700.0,5913100.0,1324300.0,1902600.0,3122400.0,4010500.0,2,9984,1.3297726403850043,-2.235951103684808,8.270773061852266,9984,2025-10-17,23030.0,3.690838037342603,9984,ソフトバンクグループ,True,True,情報･通信業
2025-10-24,99840,4456600.0,6495500.0,1420200.0,1985600.0,3036400.0,4509900.0,2,9984,1.457501234124669,0.2226370117165643,9.849317616816888,9984,2025-10-24,23880.0,13.33752093802345,9984,ソフトバンクグループ,True,True,情報･通信業
2025-10-31,99840,4317400.0,5999300.0,1468600.0,1827600.0,2848800.0,4171700.0,2,9984,1.3895631630147771,-3.123457344163716,-7.639134785620816,9984,2025-10-31,27065.0,-19.82264917790504,9984,ソフトバンクグループ,True,True,情報･通信業
2025-11-07,99840,2752700.0,8299400.0,714900.0,2438400.0,2037800.0,5861000.0,2,9984,3.0150034511570456,-36.24171955343493,38.3394729385095,9984,2025-11-07,21700.0,-8.847926267281103,9984,ソフトバンクグループ,True,True,情報･通信業
2025-11-14,99840,2638500.0,9434500.0,692300.0,2697200.0,1946200.0,6737300.0,2,9984,3.575705893500095,-4.148654048752132,13.67689230546787,9984,2025-11-14,19780.0,-13.599595551061682,9984,ソフトバンクグループ,True,True,情報･通信業
2025-11-21,99840,2116200.0,9593500.0,474200.0,2865500.0,1642000.0,6728000.0,2,9984,4.533361686041017,-19.795338260375217,1.685303937675542,9984,2025-11-21,17090.0,-1.5506143943826767,9984,ソフトバンクグループ,True,True,情報･通信業
